event_id,customer_id,session_id,event_timestamp,event_type,page,device,traffic_source,campaign,country,product_category
0a408919-c51a-4652-9134-013fe9f4b899,C1009,S1213,2024-11-06T01:27:42,purchase,search,mobile,paid_search,paid_search,CA,home
da280727-0b8f-4f2d-97e3-84d212b9ca4e,C1118,S805,2024-11-14T23:20:20,product_view,search,desktop,seo,none,BR,fashion
0d559390-a8d2-47c9-9a85-87afa610c759,C1099,S1198,2024-10-07T04:06:10,product_view,plp,mobile,direct,none,BR,sports
212393c7-6ee2-4b3d-b5e1-b8293abd9b06,C1045,S426,2024-10-29T09:29:16,checkout,home,desktop,paid_search,paid_search,IN,toys
564314e9-6541-4c9e-97d2-7b55a21aa773,C1089,S1236,2024-10-03T06:53:54,product_view,home,tablet,seo,none,CA,home
98b0f11f-7c81-41a0-b334-8eed98748758,C1050,S1052,2024-10-04T21:19:16,checkout,search,desktop,email,email,AU,beauty
950c82ac-ad75-4503-87c7-462ea767cd2e,C1071,S1127,2024-10-16T03:29:06,add_to_cart,search,desktop,direct,none,DE,electronics
52191166-f11f-4658-96b5-04a1644baf1f,C1106,S456,2024-10-09T06:52:25,product_view,checkout,tablet,direct,none,AU,sports
a09059ad-b9ed-4f74-b73e-6b9c23aa2c5f,C1075,S531,2024-10-05T00:04:12,checkout,pdp,desktop,direct,none,BR,home
71770af0-ddb5-492a-bf4b-7727355f11bf,C1015,S88,2024-10-30T01:10:59,product_view,checkout,mobile,email,email,AU,electronics
feb16bed-73c6-4bcd-801e-93fe26584067,C1048,S1400,2024-10-28T05:22:13,checkout,plp,mobile,email,email,CA,fashion
1ec7c80f-21c0-4828-b9ad-17f229a6dd4d,C1004,S1258,2024-11-09T19:15:41,page_view,pdp,tablet,email,email,BR,electronics
98baab4e-f622-4459-9e32-68e61935dade,C1011,S573,2024-10-25T04:26:12,add_to_cart,cart,desktop,social,social,CA,electronics
e90cdb26-d2e5-42eb-90c1-cbc360baf484,C1048,S1461,2024-10-23T15:34:50,product_view,cart,tablet,paid_search,paid_search,CA,beauty
0c20754b-2de6-473e-8606-448c29a25f3b,C1034,S369,2024-10-02T10:38:14,page_view,plp,desktop,email,email,AU,sports
418bfb68-03f7-4b39-8964-2fee3c89a704,C1045,S1197,2024-10-15T05:06:15,add_to_cart,plp,tablet,direct,none,IN,fashion
f87504e7-f002-48d9-9a02-09ab8fcf0557,C1073,S796,2024-10-23T05:11:15,product_view,checkout,tablet,paid_search,paid_search,AU,sports
c664796d-e84b-4365-91c7-6b2e79dcef0b,C1003,S1441,2024-11-14T11:36:36,page_view,search,mobile,social,social,DE,home
3fc8b549-44d4-442f-8e53-549f94494476,C1022,S1005,2024-10-03T02:03:14,product_view,home,tablet,email,email,AU,electronics
73231ead-76e4-47f2-b749-4b2da54a3292,C1042,S1258,2024-10-13T04:21:45,page_view,plp,desktop,direct,none,DE,fashion
ee63e41f-86c7-44b6-8c42-189aa202b59b,C1075,S1444,2024-10-10T03:54:33,checkout,home,mobile,email,email,BR,sports
0e0f10b4-fb50-4607-8e0c-715f579686a3,C1012,S690,2024-10-20T10:08:10,add_to_cart,pdp,tablet,email,email,IN,toys
0788a3ff-c8ea-4357-b957-0274b9afe68f,C1040,S357,2024-11-15T17:44:56,checkout,plp,desktop,social,social,FR,fashion
836a96a4-42f7-4d98-941f-f0e2de138e2f,C1048,S629,2024-11-14T09:08:11,add_to_cart,checkout,tablet,email,email,CA,sports
44b7819d-a234-473b-be14-df79036b6e1e,C1004,S373,2024-11-08T10:58:51,purchase,search,tablet,social,social,BR,electronics
68202f6b-905a-44ff-9364-2d28397e78f2,C1119,S1017,2024-10-10T10:47:04,page_view,plp,desktop,direct,none,IN,toys
f0437de6-1d65-4dd6-8dcb-583398e234e6,C1085,S1309,2024-10-22T14:00:16,page_view,checkout,desktop,paid_search,paid_search,DE,home
1b444661-406e-4a2c-bb91-12fd79ae2368,C1100,S222,2024-10-01T01:24:28,add_to_cart,search,mobile,email,email,BR,beauty
b02885b5-6fcc-4dbc-8cf6-06ac6f36a356,C1044,S1119,2024-10-25T03:53:30,add_to_cart,cart,tablet,seo,none,FR,fashion
d6f4d744-0e38-4a2a-9491-2f1b70f12408,C1057,S151,2024-10-03T09:01:20,page_view,home,desktop,paid_search,paid_search,CA,fashion
aab79e94-3b29-4287-9b48-fc1a7891f229,C1113,S769,2024-10-11T23:04:35,purchase,home,mobile,social,social,GB,sports
b365a8f3-014e-499f-950f-6e571dbbecc9,C1114,S989,2024-11-15T00:27:41,page_view,pdp,desktop,direct,none,BR,electronics
a08be9a1-75f9-4b77-9f90-ba350e610ab9,C1042,S421,2024-10-13T13:44:35,add_to_cart,checkout,tablet,paid_search,paid_search,DE,toys
2d146d5b-34c1-4818-9760-d3e550ce416a,C1036,S610,2024-10-16T03:03:25,product_view,pdp,desktop,direct,none,IN,home
004187a9-f2cd-4ab4-8d81-096a6ced5130,C1000,S876,2024-10-06T09:52:42,add_to_cart,pdp,desktop,direct,none,CA,electronics
c751e07c-1bc2-4cb9-9037-e27d6c794324,C1026,S350,2024-11-10T09:05:30,checkout,plp,mobile,email,email,FR,beauty
be9e9456-57bf-4b7d-b13b-6a833bf8eab0,C1114,S1354,2024-10-17T02:41:34,product_view,plp,mobile,paid_search,paid_search,BR,fashion
0c8520ba-22f7-4791-955f-fb561a5e2dd1,C1057,S92,2024-10-17T14:29:16,page_view,plp,tablet,direct,none,CA,fashion
f239ba32-f1bc-4170-933e-a81e912d07c4,C1096,S1427,2024-11-12T03:05:42,product_view,cart,mobile,social,social,DE,fashion
24c1d6e3-c51a-4904-a63a-b6534d09cd3a,C1070,S125,2024-10-25T16:26:34,add_to_cart,pdp,tablet,seo,none,IN,beauty
b45962d7-93e7-4b89-976d-5eb5930c40a0,C1038,S162,2024-10-26T22:02:32,product_view,cart,tablet,social,social,CA,fashion
44fd8044-0bbe-4d61-9e62-65dc0785e995,C1015,S920,2024-10-12T05:13:51,page_view,home,mobile,direct,none,AU,toys
a6cbe87b-7da6-43a5-a5b1-7b861b1718e9,C1055,S414,2024-11-10T04:53:38,page_view,checkout,desktop,direct,none,FR,beauty
56124333-b754-4347-9934-b149cfbd69a3,C1071,S814,2024-11-05T10:54:17,product_view,home,tablet,social,social,DE,sports
697737b8-322c-448a-ba47-04f1ad14fedd,C1066,S860,2024-10-08T13:09:09,product_view,cart,desktop,direct,none,BR,sports
038fab33-a2de-4719-8322-18bcf20e296f,C1099,S207,2024-10-19T17:56:22,checkout,plp,mobile,email,email,BR,sports
501ef630-c6a6-42c9-b300-19342af8721e,C1077,S969,2024-10-03T05:17:25,page_view,cart,tablet,email,email,DE,electronics
e446673f-37c8-47ad-8c6b-6385d453b05a,C1050,S679,2024-11-14T07:03:47,product_view,plp,mobile,direct,none,AU,home
cd957545-4c9c-4caa-9e01-b78d17b1eae6,C1104,S621,2024-10-20T08:53:31,checkout,checkout,desktop,seo,none,US,fashion
868d8bde-f107-45ef-be3c-aa53f8db0b2a,C1038,S908,2024-10-21T08:46:26,product_view,home,desktop,email,email,CA,fashion
b8bb280b-206d-454d-8d20-6e16fd7d8821,C1116,S834,2024-11-01T16:55:23,checkout,cart,desktop,direct,none,CA,home
70d9ad8d-dc8b-4a9c-ab19-01da3f2d1bb5,C1090,S1038,2024-10-26T04:49:54,product_view,cart,desktop,seo,none,IN,fashion
275d0a34-7626-4361-a506-a07710b84757,C1112,S412,2024-10-04T07:02:29,page_view,plp,tablet,seo,none,FR,home
f76383cb-b8a1-4cd7-bcc4-3fe75f41c9cc,C1047,S951,2024-11-02T12:40:59,page_view,home,desktop,paid_search,paid_search,GB,beauty
96476995-2628-403b-a54e-2eef02855767,C1076,S914,2024-10-12T15:37:35,product_view,search,mobile,direct,none,DE,home
7d36ad3e-61b6-4bf2-a513-24581b3929c6,C1003,S792,2024-10-04T05:54:36,add_to_cart,search,desktop,seo,none,DE,toys
2501532e-c7b0-4bf6-b67b-e15bc737625c,C1026,S552,2024-11-11T13:32:01,checkout,checkout,desktop,email,email,FR,fashion
939d2e36-d88d-4048-99f0-01557be365e7,C1082,S355,2024-11-08T00:14:16,product_view,plp,tablet,paid_search,paid_search,BR,beauty
5bb32eca-2abb-4ed9-856f-9efec85f5ba1,C1114,S772,2024-10-23T14:16:13,product_view,checkout,tablet,social,social,BR,beauty
7c124edd-5368-4a89-923e-8c9bba608665,C1074,S210,2024-10-01T16:42:53,checkout,cart,tablet,social,social,FR,sports
e85f679f-6990-4bf5-93bc-43b2941915c6,C1036,S612,2024-11-13T03:30:04,product_view,plp,tablet,paid_search,paid_search,IN,home
e92f495b-c833-4a0e-9707-617c4ca6a14f,C1033,S1344,2024-11-15T20:19:12,page_view,search,desktop,social,social,CA,beauty
0d6f928d-ecd2-477c-8327-d894e54807be,C1084,S655,2024-11-13T04:46:01,add_to_cart,plp,mobile,email,email,CA,beauty
be44f84c-9d12-4261-bed1-d9a143beee89,C1049,S73,2024-11-07T22:36:52,page_view,checkout,tablet,seo,none,DE,toys
2e2bdd2b-43d3-486c-a9f9-7bb901429656,C1068,S1308,2024-10-31T21:22:32,page_view,search,tablet,social,social,GB,fashion
9742121d-aa86-4880-b20f-ecebfc7374c5,C1037,S200,2024-10-31T04:47:16,add_to_cart,cart,desktop,paid_search,paid_search,AU,toys
dce29bbc-c954-4297-8d2b-15abc3411a5d,C1011,S456,2024-10-23T07:47:55,page_view,plp,mobile,paid_search,paid_search,CA,sports
9c1755eb-eb6f-4c9c-a293-6e7a3ad55bb8,C1037,S950,2024-10-08T15:03:55,add_to_cart,cart,tablet,direct,none,AU,beauty
9428c4b4-1aee-4a4d-b665-b82f58281acf,C1113,S399,2024-11-02T03:55:43,product_view,plp,mobile,direct,none,GB,fashion
2bb77e83-81a6-41be-b34c-4c00438b16f9,C1017,S411,2024-10-22T13:36:57,checkout,pdp,desktop,paid_search,paid_search,FR,toys
66035ee9-4a0a-43f5-85c0-c456db90204a,C1023,S166,2024-11-01T10:40:11,product_view,home,desktop,email,email,GB,home
381838d0-ed58-4d72-aae0-0ad23805cfce,C1026,S346,2024-11-06T05:31:50,add_to_cart,home,desktop,social,social,FR,beauty
49d3c859-ee61-41bb-a324-24ddea90873a,C1081,S880,2024-10-26T13:30:24,page_view,cart,desktop,paid_search,paid_search,FR,electronics
6b716c3a-f1d2-49e0-beb3-5996c768085b,C1114,S660,2024-11-03T06:01:43,page_view,checkout,desktop,seo,none,BR,toys
6d9244f5-4a08-44f3-81d3-78b6513da57f,C1112,S706,2024-10-20T04:06:24,product_view,plp,desktop,direct,none,FR,electronics
9e56eb79-2385-40e2-a2f3-0e98c092ba9c,C1038,S596,2024-10-30T23:33:38,product_view,pdp,tablet,seo,none,CA,home
c87be13b-9cda-451d-a2a5-dd2f4cd7f8b5,C1115,S1004,2024-10-23T06:10:58,checkout,pdp,desktop,seo,none,DE,fashion
e0a81356-0696-43f4-a841-8f6d093aa7dc,C1093,S269,2024-10-14T23:01:37,product_view,home,mobile,direct,none,BR,beauty
24ab5bd5-c3d6-43d8-8498-ebf1b0274745,C1112,S1312,2024-10-17T17:39:03,product_view,home,tablet,direct,none,FR,toys
8f709d2f-4a83-44e2-86ac-1f5423f6787e,C1107,S41,2024-10-04T22:07:26,product_view,home,tablet,paid_search,paid_search,FR,beauty
803ede01-ee01-4b1a-996b-248acdc48c01,C1089,S314,2024-10-14T22:43:40,page_view,pdp,tablet,direct,none,CA,toys
1dd12e0b-35b8-444a-96d2-d8016d04f7ad,C1066,S553,2024-11-09T19:44:08,product_view,home,tablet,social,social,BR,electronics
786ec1f6-2762-4a5e-a33e-1a9cc51e2e0e,C1036,S234,2024-10-07T15:12:38,page_view,plp,tablet,seo,none,IN,home
0f004c0a-1a16-4420-a2e0-004947b780af,C1090,S840,2024-10-19T05:02:35,product_view,search,tablet,email,email,IN,home
c4da4cdf-8003-4949-a61e-99f8c5f942d2,C1030,S6,2024-10-01T21:05:58,page_view,cart,tablet,email,email,DE,fashion
29c65f83-6141-4058-a686-78f591fea0ac,C1011,S1048,2024-10-05T23:46:06,checkout,checkout,desktop,email,email,CA,home
fad89400-dbc0-4437-99e2-4ac09f2f7799,C1033,S951,2024-10-04T03:52:11,checkout,plp,mobile,paid_search,paid_search,CA,beauty
69eae916-b6e7-4603-8083-0794564c4ddd,C1094,S238,2024-10-07T01:00:54,page_view,checkout,desktop,paid_search,paid_search,IN,home
11d046fa-7796-4e90-95ed-95a37c3d2e21,C1114,S897,2024-11-09T08:56:46,page_view,plp,desktop,direct,none,BR,beauty
b89a20a1-dcee-4f86-8f76-073a7ccab4d6,C1051,S935,2024-10-18T12:44:54,product_view,pdp,tablet,seo,none,FR,electronics
3e0702f1-1f69-418c-a6a2-e0b030f82590,C1016,S1426,2024-10-04T05:06:26,checkout,pdp,tablet,email,email,IN,fashion
1d6045f3-60cf-42e4-a65c-a00a096751be,C1078,S778,2024-10-23T19:01:55,add_to_cart,checkout,desktop,email,email,AU,beauty
52d49ddb-6651-4c98-8c4f-a20d16dbec99,C1014,S843,2024-10-29T01:04:16,add_to_cart,home,tablet,social,social,US,toys
49826e46-06fe-4c78-8788-c41496647db2,C1073,S1483,2024-11-06T07:42:55,product_view,cart,tablet,social,social,AU,electronics
49902fd4-7d56-4d05-a7f4-cdbac74ad210,C1055,S1356,2024-10-16T15:22:42,add_to_cart,pdp,desktop,social,social,FR,sports
2c4d9a16-8609-499f-b1c6-13401cd5f704,C1006,S24,2024-11-11T05:32:54,product_view,pdp,desktop,direct,none,FR,beauty
2028132f-ea2e-4c2e-8272-ac4384d272a5,C1041,S494,2024-10-22T08:03:32,page_view,checkout,mobile,email,email,CA,fashion
2581b8ae-7e05-45ab-9788-28c47c15e670,C1010,S941,2024-10-29T18:28:05,checkout,pdp,mobile,direct,none,AU,beauty
99f3bff9-3db5-48d4-b134-61534174bf4b,C1095,S1339,2024-10-02T03:25:26,page_view,cart,desktop,direct,none,IN,sports
8e72ef19-e595-4177-a6c5-3270daaf923c,C1079,S1306,2024-10-20T16:35:13,add_to_cart,pdp,mobile,paid_search,paid_search,FR,electronics
6ef82876-0214-4f56-82b9-e9cc196e3313,C1104,S457,2024-10-30T10:35:49,product_view,pdp,tablet,paid_search,paid_search,US,toys
b83f3864-fc25-4e97-9f9b-3efe7d001dd2,C1057,S234,2024-10-07T21:14:00,product_view,checkout,mobile,social,social,CA,sports
f7c0100c-4052-4af7-bdb4-de2fd006705d,C1047,S1438,2024-10-07T01:57:10,product_view,checkout,tablet,email,email,GB,electronics
f598f954-4f3f-4a63-8911-27102a42841e,C1032,S1252,2024-10-13T06:07:59,checkout,search,mobile,seo,none,AU,toys
12bfac87-5a05-4af8-bc2a-a3d0abb88b9c,C1043,S221,2024-10-27T01:59:40,checkout,cart,desktop,email,email,US,beauty
5c5f5be8-91b9-430c-8515-c4a1078c9441,C1084,S1207,2024-11-02T04:31:00,product_view,home,tablet,email,email,CA,sports
d83441b5-583e-48f6-976c-7e2aef10279f,C1061,S1042,2024-10-12T22:37:11,add_to_cart,search,desktop,email,email,FR,toys
d46b629e-4695-4b71-a4a7-b8c4e462843e,C1076,S1242,2024-10-21T16:56:24,product_view,cart,tablet,seo,none,DE,home
2e844070-03f2-4bab-a1e5-c0402d2016f7,C1050,S703,2024-10-19T14:51:08,page_view,cart,tablet,social,social,AU,home
3cdf26be-099d-4b7b-b82a-3b91fabd30d3,C1107,S1437,2024-11-05T10:45:47,checkout,checkout,desktop,seo,none,FR,fashion
e2831366-d176-4b87-a4a1-039b7c643ffd,C1079,S1464,2024-10-19T21:22:58,add_to_cart,checkout,tablet,seo,none,FR,sports
3b01d43a-8004-4a16-8915-787ae8154a43,C1069,S1422,2024-11-10T10:45:07,add_to_cart,cart,mobile,social,social,DE,sports
174130f6-38af-4227-a484-85e0baa98032,C1085,S1455,2024-10-27T21:47:57,checkout,plp,mobile,direct,none,DE,sports
1c6b7c82-8f9f-435c-ae1e-38f253e8518b,C1013,S52,2024-10-25T04:03:42,page_view,plp,desktop,paid_search,paid_search,DE,toys
803f65be-d23e-4cf3-8946-3134de45b7cc,C1032,S300,2024-10-04T22:50:18,page_view,cart,desktop,paid_search,paid_search,AU,beauty
5a1278f4-4d58-4903-b2a3-f967779b6829,C1013,S1262,2024-11-13T23:35:55,page_view,checkout,tablet,email,email,DE,fashion
a2aa57ab-90c4-4944-ab99-4e5124c53598,C1065,S1426,2024-10-19T22:42:03,checkout,pdp,mobile,paid_search,paid_search,AU,sports
e98c26b3-82c2-4086-9a42-dc65419678f1,C1006,S27,2024-10-17T06:39:55,add_to_cart,pdp,desktop,paid_search,paid_search,FR,sports
c8cfd966-3772-44ab-abd0-a3c5a1545849,C1069,S1236,2024-10-13T23:12:18,product_view,checkout,desktop,seo,none,DE,fashion
6dc3be5d-b107-4b25-8472-1140e4191189,C1094,S1053,2024-10-08T12:02:27,page_view,plp,desktop,seo,none,IN,sports
ac7483e9-a8dd-4e2b-9470-6773aa0be51d,C1108,S523,2024-10-01T10:29:45,checkout,home,desktop,paid_search,paid_search,IN,sports
6fbd6122-4a7c-4f30-bdde-8daeaa1b2238,C1006,S1281,2024-11-09T21:19:31,add_to_cart,cart,mobile,direct,none,FR,toys
e7a56a1f-dce1-4463-82a9-64092097cd64,C1040,S1077,2024-10-15T05:33:04,add_to_cart,search,mobile,social,social,FR,sports
9ef7c884-4f06-40ea-9800-4adcad33adfd,C1051,S189,2024-10-23T07:56:13,add_to_cart,plp,mobile,paid_search,paid_search,FR,fashion
fcf8eacb-f235-4532-82aa-e83d57e7f5cb,C1096,S1267,2024-11-03T15:35:52,add_to_cart,checkout,desktop,direct,none,DE,toys
9eb3290b-5d34-43c2-a77a-85b6ced87d3c,C1044,S913,2024-10-16T20:39:58,product_view,home,tablet,paid_search,paid_search,FR,beauty
b8b45cc5-160c-4b3d-94fc-4dd16401f10a,C1117,S233,2024-10-25T08:34:46,page_view,cart,mobile,social,social,BR,sports
7e64e93f-2c7e-410c-9f95-9d158da0e49c,C1057,S997,2024-10-03T09:57:41,page_view,cart,desktop,direct,none,CA,fashion
674d0bf8-e8eb-4683-a22d-ddf14f6307a3,C1098,S1102,2024-11-04T00:40:04,page_view,checkout,desktop,email,email,BR,electronics
b5422f37-a40e-492c-849a-a4634911960a,C1026,S1102,2024-11-14T23:49:27,add_to_cart,home,tablet,seo,none,FR,electronics
7225e53e-cc01-4fac-98f3-def26bcba0cc,C1058,S1469,2024-10-22T01:05:04,page_view,plp,tablet,direct,none,DE,sports
d40c27df-05ce-4612-a217-15de78653ca7,C1105,S467,2024-10-17T13:24:28,add_to_cart,pdp,mobile,direct,none,BR,beauty
5232ca3e-44c5-438a-820b-bac666254b60,C1086,S243,2024-11-04T00:41:46,product_view,checkout,tablet,direct,none,US,toys
72865ecc-f27c-4235-85c4-c805eb028c27,C1108,S149,2024-10-23T16:06:18,add_to_cart,plp,tablet,direct,none,IN,home
232c6c73-5a42-49a1-be0b-a14b4040ece7,C1097,S897,2024-10-25T12:52:42,page_view,search,tablet,seo,none,GB,fashion
363de579-3234-4796-80d5-85d181edaa46,C1095,S801,2024-11-04T09:40:09,page_view,checkout,tablet,paid_search,paid_search,IN,electronics
5e55a884-d95a-43f1-8c5a-9ba51f9437ca,C1070,S1137,2024-10-10T03:02:00,product_view,pdp,tablet,social,social,IN,electronics
95497cb2-8cc3-46bc-8d65-ed3de35f1f92,C1039,S431,2024-10-23T06:26:57,add_to_cart,cart,desktop,seo,none,DE,fashion
c927d496-6a43-4a7e-9287-e59796437d4c,C1028,S1264,2024-10-17T06:07:11,add_to_cart,cart,desktop,social,social,GB,beauty
757b4dbd-65a1-4203-b9ed-0a8f392e0ac5,C1082,S1126,2024-10-05T09:42:04,page_view,search,tablet,social,social,BR,beauty
a6e61ea0-2d6d-473b-9e70-d2cd1e5b426b,C1042,S732,2024-10-09T21:41:15,page_view,cart,desktop,seo,none,DE,home
fc37e979-6f63-448d-a3c9-0838cf34828d,C1062,S923,2024-10-22T19:42:19,add_to_cart,search,tablet,social,social,US,home
2f90621d-bc5f-40e4-b378-1adc7fe9657c,C1103,S648,2024-10-28T05:00:20,page_view,search,tablet,email,email,BR,home
82d5ae9e-7e93-422d-a5c0-5419830f1596,C1107,S737,2024-10-09T21:46:21,checkout,pdp,mobile,paid_search,paid_search,FR,home
b1fba4c3-c253-4a13-a9ef-738f9d5bc7dd,C1062,S1130,2024-10-07T05:41:38,page_view,plp,desktop,social,social,US,fashion
a2c39ebb-deff-427a-953f-78163be67183,C1033,S1284,2024-10-05T23:04:57,page_view,cart,tablet,direct,none,CA,sports
22f322bc-674c-46e5-8550-f4781fcfa477,C1074,S830,2024-11-07T06:58:02,product_view,cart,tablet,email,email,FR,toys
0a77f44c-257f-40d5-9d8e-1c154dcd4d06,C1099,S305,2024-10-24T12:14:57,add_to_cart,checkout,mobile,seo,none,BR,beauty
56521c4e-118c-4931-b162-c602b9bcddca,C1064,S1046,2024-10-06T12:23:32,page_view,search,tablet,seo,none,US,sports
7e36ac81-792a-4139-ac41-4bd2c74e4cb2,C1017,S914,2024-10-11T05:36:36,add_to_cart,search,tablet,email,email,FR,home
d0f99a0c-360f-4648-a973-06df25e58167,C1005,S449,2024-11-01T07:04:16,product_view,home,tablet,seo,none,CA,sports
a852279d-c31f-4e93-a6d8-7193e292f427,C1116,S740,2024-10-25T15:58:29,checkout,home,tablet,paid_search,paid_search,CA,electronics
4c0ec7c4-ab11-4088-a5aa-b3986b7d1b64,C1090,S1068,2024-11-10T08:53:47,page_view,cart,tablet,seo,none,IN,beauty
e5075451-660b-4753-b529-dece6590d60e,C1083,S776,2024-10-24T18:41:57,checkout,cart,mobile,email,email,IN,fashion
1751f948-f2c1-4265-9db1-1f6eca9ac1d4,C1066,S832,2024-10-23T11:31:50,product_view,cart,desktop,social,social,BR,fashion
6b7693aa-9f0d-45c3-996c-93d8577c0817,C1056,S340,2024-10-15T02:32:41,page_view,search,desktop,seo,none,FR,home
b531f9b8-6ec3-4a5b-a243-956aaf8528e4,C1077,S1470,2024-10-08T21:14:26,add_to_cart,checkout,desktop,email,email,DE,toys
c0740fc8-5932-4183-b067-4fd052b561f8,C1061,S982,2024-10-14T18:10:41,checkout,home,desktop,direct,none,FR,fashion
58938e64-c33d-4755-a393-cac221c9173f,C1073,S1214,2024-10-11T04:40:32,page_view,cart,desktop,direct,none,AU,fashion
1b0fb7c6-bbdd-433c-83f1-34d8b0afebad,C1033,S369,2024-11-03T12:38:36,add_to_cart,checkout,tablet,paid_search,paid_search,CA,electronics
f687edf9-5849-4070-811a-8a6f929fee6a,C1027,S920,2024-11-08T15:55:30,page_view,pdp,tablet,seo,none,CA,sports
f2b4ac3c-e8e9-4aa3-bf8f-34f9cb7b9d19,C1105,S373,2024-11-09T21:32:16,page_view,checkout,mobile,email,email,BR,sports
cabf42f9-1fc2-49ac-82b7-eee441abdcfa,C1075,S141,2024-10-15T12:24:08,page_view,search,tablet,social,social,BR,toys
462d75c5-f4a9-4340-a5a2-75d66293ecef,C1053,S307,2024-11-08T03:11:30,checkout,cart,desktop,social,social,CA,sports
75ad2e3b-fbc1-4e3f-b331-1297ce5edb53,C1096,S241,2024-10-06T15:42:08,checkout,cart,desktop,email,email,DE,sports
1862dd80-fec5-4e0d-b8de-9664d4e7d40a,C1053,S759,2024-10-03T22:33:27,page_view,pdp,mobile,paid_search,paid_search,CA,sports
62870bd0-369f-4671-8de7-82aad86d78c4,C1102,S1427,2024-11-06T03:27:08,page_view,search,desktop,paid_search,paid_search,IN,sports
63c9ef04-3335-4781-a2b5-3f2d0249f204,C1112,S1114,2024-10-27T08:12:00,add_to_cart,home,tablet,social,social,FR,electronics
91a64631-955d-4c9c-8585-78d9a4bbbb26,C1066,S15,2024-10-25T20:13:44,add_to_cart,pdp,mobile,direct,none,BR,fashion
7310f565-13ff-4e51-b470-aa9000afe8c7,C1054,S1335,2024-11-07T08:16:54,product_view,cart,mobile,social,social,CA,home
d56afb59-a453-4a58-8e0b-8947d0c788d1,C1087,S814,2024-10-14T13:35:50,product_view,search,mobile,social,social,IN,sports
a7ff9cb7-2953-40c0-ba68-50119c0f37a1,C1061,S520,2024-10-20T18:22:49,add_to_cart,checkout,desktop,direct,none,FR,toys
c55e7a6a-10a7-4073-9522-776e1550471d,C1029,S915,2024-11-14T05:06:13,product_view,plp,tablet,social,social,BR,toys
0e4b1f9f-5c6c-494f-bc28-47c2e09462cc,C1087,S1448,2024-10-04T05:24:40,page_view,home,desktop,email,email,IN,sports
1ed54a4f-1464-4c83-aa63-14be502520c9,C1055,S181,2024-10-05T08:14:23,page_view,home,tablet,email,email,FR,beauty
d489e499-27f0-4653-857d-a5eca88063e0,C1078,S1344,2024-11-03T09:45:38,page_view,search,tablet,email,email,AU,beauty
a9589fd0-9184-4544-91ae-8f930e82df67,C1001,S414,2024-11-12T16:18:12,page_view,cart,tablet,social,social,CA,toys
ff16afc2-967f-4bd3-a95a-12688f7acad0,C1029,S1260,2024-10-11T21:02:23,page_view,home,desktop,direct,none,BR,home
0118d950-e53a-4e35-964b-3a4f6daea5e6,C1099,S819,2024-10-23T21:25:25,product_view,cart,desktop,direct,none,BR,electronics
273ec199-9c90-4fe2-9cde-fd3490acd4b6,C1070,S583,2024-11-05T18:22:22,purchase,plp,desktop,social,social,IN,fashion
252adca7-d0d7-4eb6-99ba-cdfa5d0ce039,C1058,S828,2024-11-06T00:16:11,product_view,home,tablet,direct,none,DE,sports
2d675cdb-405f-4bd1-b791-18a792880439,C1037,S697,2024-10-08T16:16:56,product_view,cart,mobile,email,email,AU,beauty
37fe41b1-80cc-4410-b17c-e1b9acedd3d8,C1072,S991,2024-10-16T10:49:29,add_to_cart,cart,desktop,email,email,CA,electronics
626ab52c-32b4-433a-b818-92f538f6a881,C1033,S139,2024-10-25T20:50:14,add_to_cart,search,mobile,email,email,CA,home
6b2288d3-7856-4c9c-baa0-476c8019acea,C1066,S1098,2024-10-01T22:53:16,page_view,home,mobile,paid_search,paid_search,BR,electronics
5c981dc3-e9e1-443a-8e1a-544e5112812e,C1070,S366,2024-10-31T10:22:13,checkout,plp,desktop,seo,none,IN,beauty
f301190c-0682-4f48-9758-684accdde13e,C1094,S409,2024-10-16T23:15:55,page_view,search,desktop,seo,none,IN,sports
159bfa26-d63b-4b1e-a7cd-e432c3c266ad,C1045,S320,2024-10-07T03:58:05,add_to_cart,checkout,mobile,social,social,IN,electronics
37348132-50c4-47df-b332-5ff6d8312ed1,C1097,S1109,2024-10-03T15:23:39,product_view,cart,mobile,email,email,GB,fashion
96f54532-c2df-4784-b7a5-1a1362ba5cb4,C1097,S1047,2024-10-18T12:14:48,product_view,home,tablet,email,email,GB,beauty
2b71cc95-23e3-4022-b537-cfcbb1971a52,C1069,S67,2024-11-02T11:25:55,add_to_cart,search,mobile,direct,none,DE,toys
092bd4b4-13a8-4de9-8c98-a2a3da704adf,C1066,S943,2024-10-21T22:00:00,add_to_cart,pdp,tablet,direct,none,BR,home
800f0e7d-f5bd-4049-ae62-e3e9e2ca4114,C1046,S1255,2024-10-17T05:35:16,page_view,pdp,tablet,paid_search,paid_search,US,home
5b5e0eaf-268f-4c47-a327-21b562a6b41f,C1023,S1022,2024-10-28T06:26:44,add_to_cart,plp,mobile,paid_search,paid_search,GB,beauty
d451bfd5-024d-4140-ba4c-db82648cff52,C1023,S1171,2024-10-09T18:43:14,checkout,checkout,mobile,seo,none,GB,sports
76e4bc07-b8b8-4713-9048-177b134e0af7,C1055,S781,2024-10-13T04:51:47,page_view,home,desktop,email,email,FR,beauty
c951b342-33ef-41d0-a44e-6aa65d3aac59,C1017,S1292,2024-11-03T17:46:20,add_to_cart,plp,mobile,social,social,FR,sports
bec14455-663e-4daa-8f88-74e3bfc37cdd,C1006,S816,2024-10-07T22:10:03,page_view,plp,mobile,direct,none,FR,beauty
7505b170-322c-4de6-bf63-e8f3fad4c89c,C1095,S686,2024-10-17T11:23:35,product_view,plp,mobile,direct,none,IN,beauty
563999e3-c850-4b67-a490-56bc50a76a91,C1015,S720,2024-11-13T19:12:36,product_view,checkout,tablet,seo,none,AU,home
18e23831-f8c9-4590-b2e8-08f515653297,C1045,S666,2024-11-13T16:31:49,add_to_cart,home,mobile,social,social,IN,home
aeb49597-f5e4-4457-97af-4c40470f3bb2,C1059,S1294,2024-10-10T05:40:51,checkout,pdp,tablet,social,social,IN,sports
cd7797b2-ddde-49e3-ade3-b400b44666fb,C1051,S147,2024-10-06T05:21:14,product_view,checkout,mobile,paid_search,paid_search,FR,sports
1f2b19be-74bc-4653-a35b-ce120f2c4a17,C1082,S810,2024-10-18T14:49:55,purchase,checkout,tablet,social,social,BR,beauty
589041f4-5016-41c1-b2cb-0f3fdbf2bbb8,C1052,S343,2024-10-12T00:08:46,page_view,plp,tablet,direct,none,CA,fashion
bee0b792-d53a-4724-b0e5-b2d53bbfb8d2,C1021,S814,2024-10-07T03:04:59,checkout,cart,desktop,direct,none,US,beauty
11b5666f-8ac3-423c-965e-1bdcd349eb14,C1067,S171,2024-10-07T08:39:09,page_view,pdp,mobile,seo,none,GB,fashion
4557cb75-536f-4523-b35b-9c645d1fa7f4,C1094,S582,2024-10-29T20:08:08,product_view,search,desktop,direct,none,IN,toys
ebef1a4a-c320-4839-a6f5-26290f4689d4,C1045,S667,2024-10-31T14:55:34,checkout,cart,mobile,seo,none,IN,toys
b91aedb7-b125-4782-91ec-e2294c761bbb,C1069,S363,2024-11-07T19:29:40,add_to_cart,cart,mobile,social,social,DE,toys
41a7e7c1-ec5c-4a79-b7d4-4f84ffb1ec0d,C1081,S1094,2024-10-20T11:30:34,page_view,home,mobile,paid_search,paid_search,FR,home
3e9ddff7-d0f3-4d58-9de4-c5a8f3e3d958,C1052,S533,2024-10-10T09:00:00,product_view,search,mobile,paid_search,paid_search,CA,beauty
e4f27f53-d837-4c8c-bbc0-68ac9a61f4e0,C1068,S18,2024-11-14T15:48:30,page_view,pdp,mobile,social,social,GB,fashion
3fbc5c38-ae4c-4537-ae67-a89a6ed19915,C1101,S15,2024-11-05T11:12:26,checkout,pdp,mobile,seo,none,BR,fashion
c501dc59-9f00-4293-ad03-985c6d5be288,C1091,S1323,2024-10-25T12:14:16,page_view,checkout,desktop,social,social,GB,sports
c1ec9d7b-33f9-49b0-aa28-148c309b51b0,C1103,S1422,2024-11-13T08:18:41,add_to_cart,plp,mobile,seo,none,BR,electronics
b2574373-79b3-49f1-89cb-10a8aecb41e2,C1023,S280,2024-10-19T03:40:29,product_view,plp,tablet,social,social,GB,beauty
1f834fb7-4bb7-4741-b483-9a9382e3af4b,C1024,S657,2024-10-02T04:03:34,page_view,home,mobile,paid_search,paid_search,DE,fashion
1c86074c-23f4-493d-abe9-14ec04266812,C1091,S898,2024-10-01T07:05:09,page_view,search,mobile,email,email,GB,home
169851fa-2674-44f3-b1e2-e41616f0a0d6,C1100,S1021,2024-10-24T14:44:50,page_view,home,desktop,direct,none,BR,home
0bd32f01-ac17-4ee1-b21b-a917b6bc4420,C1099,S804,2024-10-05T17:30:11,page_view,plp,mobile,direct,none,BR,electronics
29bab42a-8b7c-44ad-8fbd-bd720260cefb,C1098,S1464,2024-10-16T12:49:28,page_view,home,desktop,email,email,BR,toys
b21d8d40-1897-4fad-93e2-62d1deb1b79c,C1098,S193,2024-11-03T21:13:30,product_view,plp,mobile,seo,none,BR,toys
1a1cf0ea-1e42-455b-87dc-858608a56e1f,C1093,S87,2024-11-05T16:07:16,product_view,plp,desktop,paid_search,paid_search,BR,electronics
433bed2e-11fd-4709-8006-f29a19339916,C1110,S1366,2024-10-14T03:15:40,product_view,home,desktop,paid_search,paid_search,DE,sports
1631364e-40f0-4a79-b160-2e90a48203f8,C1015,S811,2024-10-16T00:02:37,add_to_cart,pdp,tablet,social,social,AU,fashion
4584035d-2c65-4a09-ac18-b61d9bf399ae,C1047,S184,2024-10-16T05:31:05,add_to_cart,plp,tablet,direct,none,GB,electronics
7ed84da8-8ff0-4726-8bc0-d511e0edd430,C1045,S1321,2024-10-10T22:34:50,page_view,pdp,desktop,paid_search,paid_search,IN,sports
623a880f-c7f9-4397-8ca2-fc12f169efdd,C1100,S1321,2024-10-23T14:46:12,page_view,pdp,mobile,seo,none,BR,home
f8fbc22f-a128-479d-91e3-4ab2f073147f,C1115,S81,2024-11-01T22:28:35,page_view,checkout,mobile,seo,none,DE,sports
28466891-d3dc-4065-9bb5-aa0e9cd61af9,C1023,S1114,2024-10-23T10:46:29,page_view,cart,tablet,seo,none,GB,electronics
ed646717-0b4c-4cf1-a78b-410f39d06606,C1067,S318,2024-10-29T09:52:16,product_view,pdp,desktop,social,social,GB,beauty
450843f8-ab15-4496-9abf-c86877693ca0,C1093,S380,2024-10-02T19:54:23,add_to_cart,search,mobile,direct,none,BR,toys
3263a5b3-b034-4125-82e4-abbf2dfd5e7c,C1068,S794,2024-10-13T16:43:31,add_to_cart,search,tablet,paid_search,paid_search,GB,home
fd22291d-6c62-4a50-9c9f-4ab36f7351e9,C1052,S1313,2024-10-21T03:06:33,add_to_cart,home,desktop,seo,none,CA,electronics
c4e08799-a2fc-44ee-b283-31246c522ecb,C1025,S220,2024-11-01T06:06:02,product_view,pdp,tablet,email,email,US,sports
c041db64-54e2-4612-8cae-c0d8c1a5ef0c,C1079,S1437,2024-11-07T08:03:23,page_view,checkout,desktop,direct,none,FR,fashion
17db0064-a8d5-4ddf-b290-0e31847b9782,C1083,S1007,2024-10-06T14:51:40,page_view,cart,tablet,email,email,IN,home
94f883bd-1e84-4231-9621-6ba193dc89cb,C1101,S1451,2024-10-04T19:17:33,page_view,home,mobile,direct,none,BR,fashion
2e48aeb0-30d4-473c-8c45-1f6e2e0c7dbc,C1066,S199,2024-10-07T23:14:34,product_view,search,tablet,seo,none,BR,sports
02ab9098-5974-4841-a16a-dfcecff60ad6,C1080,S367,2024-11-05T23:35:26,add_to_cart,checkout,tablet,paid_search,paid_search,GB,toys
e2c69a3b-8e26-4e54-bfb7-e8883921594e,C1058,S1439,2024-11-12T13:56:06,page_view,search,tablet,email,email,DE,sports
85a83878-d308-447e-9ea4-883ad7fa02cb,C1043,S1347,2024-10-11T17:38:28,checkout,plp,tablet,paid_search,paid_search,US,home
9edef242-b807-4c99-98d5-90b69b099128,C1052,S1297,2024-10-28T23:20:38,page_view,cart,desktop,email,email,CA,sports
d3344814-c206-4c65-9938-06c2dbad7c0d,C1118,S521,2024-10-24T14:28:25,page_view,home,mobile,social,social,BR,electronics
f7715013-394b-4e81-9da0-9874059ff51e,C1066,S277,2024-10-20T00:19:14,page_view,plp,desktop,paid_search,paid_search,BR,sports
c1fa4a47-1621-46dc-a818-ee91609086a2,C1065,S1140,2024-11-06T18:09:06,page_view,plp,desktop,seo,none,AU,home
af763eb0-703f-4522-8036-ff92bae51f0e,C1046,S1193,2024-10-16T07:16:51,page_view,cart,mobile,social,social,US,fashion
44e7d42d-a867-4077-94d1-e59f7ff22e2e,C1093,S159,2024-10-21T15:11:31,checkout,checkout,tablet,social,social,BR,electronics
dcc25de3-4377-4092-b302-c175a9ec23b0,C1076,S1316,2024-10-20T01:46:51,product_view,home,desktop,paid_search,paid_search,DE,home
b1e7c47f-4059-4d37-8c8f-580c139443ae,C1112,S890,2024-10-27T03:55:49,page_view,checkout,tablet,direct,none,FR,toys
ff165a52-dc62-4f7c-8d39-0be732dee340,C1099,S1295,2024-10-25T01:19:33,page_view,cart,tablet,seo,none,BR,home
fbaf215c-b5d4-4bb2-baae-89f7fbf0875a,C1064,S1430,2024-10-15T04:03:43,add_to_cart,pdp,mobile,social,social,US,sports
a02e0fee-0708-4c9c-a4fb-b25c2a155c6b,C1064,S185,2024-10-15T13:18:50,product_view,search,mobile,direct,none,US,beauty
57a4c4fd-d42d-418c-97db-c09803208dd2,C1073,S101,2024-11-05T12:16:05,product_view,pdp,tablet,seo,none,AU,fashion
9797747a-78ad-4ddc-91b8-b3aeb71acf3f,C1061,S1146,2024-10-13T15:25:41,product_view,cart,tablet,social,social,FR,fashion
75e53c13-a3b3-4bba-b7f6-9462d9fac524,C1031,S147,2024-10-18T13:20:43,checkout,home,desktop,email,email,IN,beauty
98f0dbb0-c8fe-4fec-b6fc-f615759ed721,C1046,S714,2024-10-13T10:22:38,add_to_cart,plp,desktop,paid_search,paid_search,US,sports
253806b1-2119-4bfd-87f4-870c9939883c,C1105,S906,2024-11-09T04:28:02,checkout,search,desktop,paid_search,paid_search,BR,fashion
2e33a763-2a3c-4007-94e2-00c2fc83dd17,C1096,S1492,2024-10-06T03:47:03,page_view,cart,desktop,paid_search,paid_search,DE,electronics
027d3708-e159-4276-837e-08ecb2137f83,C1043,S1421,2024-10-08T09:28:30,page_view,search,tablet,social,social,US,fashion
ccecbba4-0c97-4b0f-944b-5fe59cdb4108,C1026,S1120,2024-11-03T08:35:30,product_view,search,tablet,direct,none,FR,beauty
3d73d329-23a2-4ac7-a275-4566ab359b6e,C1074,S1359,2024-11-03T01:16:10,page_view,search,tablet,social,social,FR,home
d39d4d8b-67ae-422f-9da7-e60610b98e2f,C1006,S953,2024-11-11T00:04:24,add_to_cart,checkout,tablet,paid_search,paid_search,FR,electronics
4646e2e1-acd1-4640-be58-89f05e5211a7,C1002,S600,2024-11-11T12:14:24,product_view,checkout,desktop,paid_search,paid_search,US,beauty
bc3ee07c-b468-4b2b-9891-8535f69c3310,C1110,S1223,2024-11-04T02:11:12,product_view,pdp,tablet,direct,none,DE,electronics
fd7c802c-a626-48f9-a64d-9fabbb0e4139,C1031,S1085,2024-10-20T10:31:25,add_to_cart,home,mobile,paid_search,paid_search,IN,home
59d8278e-368e-496a-b7f0-44f4384cd81e,C1080,S620,2024-10-16T16:17:51,page_view,plp,mobile,direct,none,GB,sports
c53287af-91f3-409f-84c5-31ab13521921,C1035,S462,2024-10-10T10:57:25,add_to_cart,home,tablet,email,email,GB,sports
400501dd-f012-4260-bcff-3d091a0112d3,C1086,S1255,2024-11-10T21:14:26,page_view,search,mobile,paid_search,paid_search,US,sports
2fce4ca8-fa79-460f-b8f1-fcb1d3fa3a59,C1042,S920,2024-11-04T04:13:41,page_view,cart,tablet,seo,none,DE,fashion
c472902e-2dee-4ee2-a83b-5a63243e586f,C1039,S1411,2024-11-15T16:58:08,product_view,search,tablet,social,social,DE,fashion
01cf3c00-373a-4fa6-ab1b-1378a267f80f,C1040,S139,2024-11-05T17:46:07,page_view,search,tablet,direct,none,FR,home
555d835f-5353-46b2-b71f-bd399adf3d30,C1112,S848,2024-10-27T09:28:47,checkout,checkout,tablet,paid_search,paid_search,FR,fashion
24b8ea20-b5ea-4e0f-875a-82d60c231021,C1099,S385,2024-10-07T04:11:01,add_to_cart,cart,tablet,paid_search,paid_search,BR,sports
509ba329-0ec7-495c-bfc3-7232bb41076d,C1072,S1255,2024-10-15T19:14:14,add_to_cart,plp,desktop,email,email,CA,fashion
1e2d1f3a-3a66-43c7-8ccc-c3df678f1789,C1064,S1239,2024-10-31T22:41:23,page_view,pdp,mobile,email,email,US,fashion
9c18aa3d-282c-4d23-9635-4f5f5f29c934,C1020,S396,2024-10-15T01:26:48,purchase,plp,mobile,seo,none,CA,toys
30ad9cfd-e74e-4cf9-9ace-f94d68e495ef,C1085,S416,2024-10-14T02:11:59,purchase,pdp,tablet,email,email,DE,toys
3aec7fd1-96b3-41a4-9b01-b48578c2ac8c,C1041,S938,2024-10-16T13:25:49,page_view,checkout,mobile,paid_search,paid_search,CA,beauty
8be7c8e8-e45c-4d4e-9e78-84cbeef6998a,C1078,S1172,2024-11-08T17:33:41,checkout,home,tablet,direct,none,AU,beauty
b8a806d9-cda0-4ffb-9731-0d32025ef160,C1058,S87,2024-10-16T16:34:25,purchase,home,tablet,email,email,DE,sports
4c066faf-86aa-4771-8529-3fc1b6298d67,C1097,S1292,2024-10-04T06:18:28,product_view,plp,mobile,email,email,GB,fashion
cdd430d3-1d22-453e-b9ac-fd7ebf6bd98b,C1054,S603,2024-11-09T01:44:33,checkout,pdp,tablet,email,email,CA,electronics
720f2b68-cb9a-41c6-90bd-61cffedd817a,C1092,S1026,2024-10-08T05:49:37,purchase,checkout,tablet,seo,none,AU,beauty
a366ddea-683a-4ddd-af86-fc264cb6a0ca,C1052,S663,2024-10-29T00:11:29,product_view,checkout,desktop,email,email,CA,electronics
64235b09-b2d2-4076-b8ee-8e4b5abc5620,C1032,S664,2024-11-14T20:58:45,add_to_cart,checkout,tablet,direct,none,AU,electronics
ed108042-e6a9-4448-aa08-4ccdad211349,C1014,S1447,2024-10-29T20:23:05,product_view,pdp,tablet,social,social,US,sports
4fcbbf75-ccfd-4666-8b6d-76a140b982c4,C1020,S776,2024-11-05T12:02:49,page_view,plp,tablet,seo,none,CA,fashion
50b0ad24-d463-4aa7-b3c1-74c070173a76,C1111,S297,2024-10-12T22:03:26,page_view,checkout,mobile,paid_search,paid_search,IN,toys
dfefc705-de2a-4073-8da8-b7cff2e21ac7,C1023,S241,2024-10-09T06:00:39,add_to_cart,home,mobile,email,email,GB,beauty
48715cb8-8dd3-4197-a864-617e85c4c003,C1069,S12,2024-11-08T15:15:13,product_view,pdp,mobile,email,email,DE,beauty
3aeeee3e-4fdf-445f-9071-83cebc778250,C1010,S1232,2024-11-08T00:15:56,product_view,cart,tablet,social,social,AU,fashion
63ad394f-4dfc-4e21-a5cb-edf133034b52,C1006,S379,2024-10-10T01:41:22,page_view,home,tablet,social,social,FR,sports
c0129569-9783-443b-a911-21ff721f4423,C1038,S679,2024-10-06T01:06:26,purchase,search,tablet,paid_search,paid_search,CA,sports
9d184d8a-0ad1-41b1-b7d9-6131a0987e15,C1084,S1417,2024-11-14T19:36:50,product_view,pdp,tablet,social,social,CA,home
0695100c-49e5-4b49-8da4-9f5634c835e7,C1119,S74,2024-10-06T09:20:23,checkout,home,mobile,social,social,IN,electronics
865a5361-1fd6-4d08-add6-95961998da1c,C1037,S965,2024-10-09T03:44:55,page_view,cart,mobile,social,social,AU,fashion
d0001f07-6920-4d1e-bffe-60dbf9489937,C1089,S429,2024-11-09T01:06:36,add_to_cart,checkout,tablet,direct,none,CA,beauty
97466d7b-589c-4059-bf55-b25aff192a92,C1092,S1411,2024-11-08T22:18:27,product_view,plp,mobile,social,social,AU,sports
5c50a5b6-3549-4ee5-84bc-66a9e7d45e84,C1079,S725,2024-10-09T19:36:31,product_view,checkout,mobile,email,email,FR,fashion
c0302f19-2fb8-45ca-955c-151b52da0d55,C1113,S1249,2024-10-15T22:18:12,page_view,home,mobile,direct,none,GB,toys
1d8aa76a-00f6-4019-beab-9ec275e68b27,C1108,S425,2024-11-09T13:26:02,product_view,cart,tablet,seo,none,IN,electronics
9e1465b3-e668-4f04-af58-4d3a149267ae,C1081,S413,2024-11-14T09:16:50,page_view,plp,tablet,social,social,FR,home
706aa619-79c4-4e85-bc57-b7c009141e32,C1098,S13,2024-10-08T21:21:21,product_view,cart,tablet,direct,none,BR,fashion
69b18370-c89b-4fb4-9fe1-19687198959f,C1024,S677,2024-10-22T21:30:58,product_view,home,tablet,seo,none,DE,beauty
8504d81f-253e-4efd-a431-d5d1ffe0722b,C1019,S1285,2024-10-30T17:57:21,product_view,pdp,tablet,direct,none,CA,sports
0bac4a62-9778-42d6-b83d-cbc97db207a9,C1038,S1158,2024-11-13T10:35:34,page_view,cart,tablet,paid_search,paid_search,CA,home
2c72a20b-f7c5-4982-a825-82777ad10e80,C1008,S306,2024-10-18T00:21:24,add_to_cart,search,tablet,social,social,DE,beauty
044d318a-9401-493c-9761-c366c8cd71de,C1023,S1219,2024-10-08T09:45:54,product_view,home,mobile,email,email,GB,electronics
787b5fab-85a8-4699-a782-f63ac2821ec7,C1063,S487,2024-10-24T14:53:19,page_view,plp,desktop,direct,none,US,home
27ec4e5c-f117-4189-9c42-dc248663d875,C1100,S77,2024-10-13T02:28:32,page_view,pdp,tablet,seo,none,BR,fashion
4e2ea82f-ea6d-4e4b-ac5a-5f9beac641fd,C1043,S991,2024-11-03T09:49:20,page_view,home,tablet,seo,none,US,fashion
aa6cfd60-f6b0-4371-bea3-fc1b9aeeb72d,C1092,S75,2024-10-30T12:45:55,product_view,home,mobile,direct,none,AU,toys
0ef6e155-1a2e-4389-bc4b-171e2fc06a5d,C1108,S1218,2024-10-06T10:29:56,page_view,cart,tablet,paid_search,paid_search,IN,electronics
c52347e4-63dc-4500-960b-072cbcaeaa3a,C1073,S640,2024-11-10T06:20:12,page_view,plp,tablet,paid_search,paid_search,AU,beauty
3044ba90-9241-48b2-9a5a-73e5e57261a4,C1085,S241,2024-10-18T04:10:17,page_view,cart,tablet,social,social,DE,electronics
98f12b02-81d9-4a7f-9478-b094c631f832,C1026,S1112,2024-10-23T17:20:17,page_view,checkout,mobile,social,social,FR,fashion
3ba23bd1-0111-4ba0-800c-bfd5ea147e3b,C1021,S146,2024-10-20T19:57:21,product_view,home,desktop,direct,none,US,beauty
9375e7e6-07b9-4d74-8e79-d7def216ce3f,C1115,S1384,2024-10-04T03:24:03,page_view,pdp,desktop,social,social,DE,sports
84ce9684-5f14-48cb-8dcd-51490ff2f24b,C1080,S1414,2024-11-14T14:39:22,page_view,search,tablet,social,social,GB,electronics
debd654f-aa8d-4be5-bbb4-7a7ca60f075d,C1118,S954,2024-11-06T04:05:52,add_to_cart,checkout,mobile,direct,none,BR,beauty
b7f47810-2689-4c91-a0cf-83d8d3f7f893,C1039,S1402,2024-11-11T22:49:29,product_view,search,desktop,social,social,DE,home
a63061f5-3c49-447d-8330-f652e3e0f024,C1116,S745,2024-10-26T05:44:58,add_to_cart,plp,mobile,email,email,CA,electronics
9a08c93b-5cf5-4e60-ba15-6aa3a49ea7ef,C1008,S974,2024-10-08T11:30:29,checkout,plp,mobile,social,social,DE,sports
6b660b3a-4da5-4b50-bdbb-8c0a45ff2d7e,C1016,S1041,2024-10-07T12:52:45,add_to_cart,plp,tablet,direct,none,IN,home
1de46991-195c-4d2f-80e7-f83a589aef4f,C1068,S945,2024-10-26T18:26:15,product_view,cart,desktop,email,email,GB,beauty
2b61a059-8055-407c-a3c0-ea9525574999,C1008,S698,2024-10-14T22:37:27,add_to_cart,pdp,tablet,paid_search,paid_search,DE,sports
e4c2d2b6-8605-434d-b962-4cc1f1d5c5ca,C1088,S484,2024-10-12T21:42:04,add_to_cart,checkout,tablet,email,email,BR,electronics
c2128749-d1f6-44ac-ba8c-fbd85c834d7f,C1075,S1221,2024-10-30T10:35:06,checkout,search,mobile,email,email,BR,electronics
e7ff7e9d-f2d2-4eae-b756-edc2c41cad45,C1076,S223,2024-11-13T19:49:52,product_view,pdp,tablet,direct,none,DE,electronics
8a9e5381-00ef-4f92-afc4-edf278c8295c,C1027,S285,2024-11-07T20:51:00,add_to_cart,checkout,desktop,email,email,CA,sports
ea3704a8-6b28-4873-86d1-b757113b2d67,C1037,S799,2024-11-09T18:28:12,page_view,plp,mobile,social,social,AU,toys
2d8ef635-393a-466c-841e-5bbfb5306bab,C1038,S891,2024-11-15T11:05:37,page_view,cart,mobile,seo,none,CA,home
cd708ef4-614e-4b0b-9775-9fcf1d0f8b3b,C1007,S757,2024-11-05T01:00:45,product_view,plp,desktop,paid_search,paid_search,CA,electronics
4a2ea362-9d8a-40e7-a515-7f76afdc7bf3,C1030,S885,2024-11-14T18:25:40,product_view,pdp,mobile,email,email,DE,beauty
52a12fdd-7eaf-4bf4-ac67-4f9cf950dede,C1069,S433,2024-11-12T05:30:08,page_view,pdp,mobile,email,email,DE,fashion
1c8b857e-44f4-4e2e-a38e-d940beb3e28b,C1036,S1373,2024-10-09T04:00:04,add_to_cart,search,tablet,email,email,IN,toys
90be50e8-1d64-456b-9140-8331f22bbd40,C1055,S279,2024-10-06T04:41:51,product_view,pdp,tablet,social,social,FR,beauty
11186abe-ac52-43a0-9848-15408de562b5,C1079,S369,2024-10-30T16:27:35,checkout,pdp,mobile,seo,none,FR,fashion
9b2a3c21-d459-422b-96df-c1f99ccb4597,C1054,S1239,2024-10-01T18:31:54,add_to_cart,checkout,tablet,paid_search,paid_search,CA,beauty
9c4f6212-674c-410d-8914-bc31724b3c7b,C1118,S1119,2024-11-06T11:02:02,product_view,checkout,mobile,direct,none,BR,sports
896c742a-ac38-4a2e-97df-e549af490106,C1061,S1415,2024-10-06T04:46:46,product_view,plp,mobile,social,social,FR,electronics
8ee94698-58b9-44b6-8a1f-617a9350426f,C1066,S1250,2024-10-06T07:30:40,add_to_cart,checkout,desktop,social,social,BR,sports
635d0409-ec1d-409c-8c63-a9c9d612dc81,C1039,S1256,2024-10-04T10:34:49,page_view,pdp,tablet,email,email,DE,sports
54320a24-ab03-4229-87a3-0e63b39b26a1,C1093,S679,2024-10-27T11:51:18,page_view,home,tablet,social,social,BR,toys
96023202-55bb-435e-a624-9e4f5a2de033,C1038,S1489,2024-11-06T08:03:40,product_view,search,tablet,direct,none,CA,toys
752b81ba-5614-451d-bc04-9805baf784ff,C1037,S1279,2024-10-02T09:31:05,page_view,home,mobile,paid_search,paid_search,AU,fashion
c198dca7-58e8-44d8-9ea8-ce92e451b03d,C1078,S576,2024-10-18T08:00:47,page_view,search,tablet,seo,none,AU,toys
cf9f1ad5-6a8f-4451-b662-f4b399455cc5,C1057,S758,2024-10-12T08:50:44,page_view,search,tablet,direct,none,CA,home
98370446-cc17-4786-935b-f505f0c03a42,C1010,S298,2024-11-08T04:53:31,add_to_cart,pdp,mobile,seo,none,AU,toys
3ce25b94-36ab-47ba-a023-fd2e62b19704,C1056,S1487,2024-11-10T05:13:36,add_to_cart,plp,desktop,paid_search,paid_search,FR,electronics
041e0a61-9a1f-4218-88b6-fec89bad9d06,C1006,S344,2024-10-30T12:30:19,product_view,cart,desktop,email,email,FR,toys
a80d7de1-6857-427c-8d7e-cb986097f26a,C1090,S799,2024-10-31T08:09:33,checkout,home,mobile,email,email,IN,beauty
54d90cf0-1142-4f7a-b8a7-03453e7862f4,C1086,S647,2024-11-03T21:02:06,checkout,checkout,mobile,email,email,US,sports
1f1a793a-cfc1-433d-b868-b35ccb04725a,C1117,S1336,2024-10-18T10:17:17,add_to_cart,plp,tablet,social,social,BR,beauty
3979bb8b-7664-4300-bfd3-c2f0627f393f,C1059,S1383,2024-10-16T23:43:37,add_to_cart,cart,mobile,seo,none,IN,home
d175d4aa-33fc-4713-b2e0-eba72082c3dd,C1070,S22,2024-11-13T00:53:04,page_view,home,tablet,direct,none,IN,toys
dbf8f37e-403c-4075-9509-958dbbbafccd,C1057,S720,2024-10-15T23:18:16,page_view,home,tablet,direct,none,CA,electronics
ff524698-7b24-4660-9fb9-abb535fcc586,C1076,S1345,2024-10-14T19:40:07,add_to_cart,home,desktop,social,social,DE,fashion
75f169b6-bcb6-432e-98d3-ef0c6b5a6e20,C1048,S1345,2024-11-11T18:51:11,checkout,checkout,desktop,paid_search,paid_search,CA,home
01e0b1de-9433-4664-ad6a-420f7ca5a19b,C1059,S1353,2024-10-05T20:29:59,purchase,pdp,tablet,paid_search,paid_search,IN,home
fcd385f2-3891-4668-aa14-1e974a217f5a,C1020,S152,2024-10-18T01:24:24,product_view,home,mobile,paid_search,paid_search,CA,fashion
507bba3d-3f8b-4c21-a536-edae76af44e1,C1056,S143,2024-11-01T06:39:25,page_view,pdp,desktop,seo,none,FR,sports
d8534af5-1b25-4e45-9f64-ea81349b055b,C1098,S884,2024-10-14T19:41:06,checkout,checkout,mobile,direct,none,BR,electronics
faeaa108-d5aa-4e2b-bffd-0c8552d44d6a,C1009,S145,2024-11-06T23:16:49,product_view,pdp,desktop,direct,none,CA,electronics
d0ec978f-041f-4f15-a0f5-1bd17976652d,C1085,S800,2024-10-18T04:44:21,checkout,cart,desktop,social,social,DE,toys
8c6c49c7-94f1-4bfb-b025-86670cb6039e,C1098,S1005,2024-10-31T13:25:54,add_to_cart,home,tablet,seo,none,BR,electronics
44f6b738-57c1-4a81-a1ad-9818bb1de606,C1049,S1412,2024-10-31T03:36:34,checkout,plp,mobile,paid_search,paid_search,DE,beauty
3c52295e-4f7f-4723-9845-404f79a91da8,C1007,S1295,2024-11-11T02:23:34,checkout,plp,desktop,email,email,CA,home
90a3426b-31f2-4abb-8b89-7b716fa7216d,C1082,S416,2024-10-12T17:02:24,add_to_cart,plp,tablet,email,email,BR,electronics
821cfe58-90fe-430e-b2c6-14cca02daada,C1080,S1411,2024-10-23T15:05:56,add_to_cart,checkout,desktop,seo,none,GB,electronics
100c93d5-8575-48d7-b44b-ea870cb5e490,C1024,S52,2024-11-07T07:31:24,page_view,cart,tablet,paid_search,paid_search,DE,beauty
2909ef4b-fec0-45f7-8f4c-3c0a5694cc35,C1068,S921,2024-10-02T01:21:03,product_view,checkout,desktop,email,email,GB,electronics
037f3361-4c42-4cf5-a5d3-8f90054de1f4,C1027,S1340,2024-11-12T16:29:43,checkout,cart,desktop,social,social,CA,fashion
5916c634-7819-4e25-9980-729298e6a029,C1118,S148,2024-10-03T23:09:31,add_to_cart,pdp,tablet,direct,none,BR,fashion
7fabcd11-5339-4ce1-b7ed-c3291f7194e3,C1089,S1329,2024-10-09T00:11:40,page_view,plp,desktop,email,email,CA,sports
4af98b7f-cf86-43c4-91da-521f00b115c6,C1021,S1211,2024-10-05T03:07:31,product_view,cart,desktop,direct,none,US,fashion
bdfee94f-3470-427f-b0a9-fdfb68549090,C1054,S691,2024-11-13T12:20:07,purchase,cart,tablet,seo,none,CA,home
031a3551-69fb-44fa-bb59-d88d0459d40a,C1107,S437,2024-10-03T18:11:21,page_view,plp,desktop,email,email,FR,fashion
edc89648-4e27-4118-8562-591537f13d2e,C1089,S758,2024-11-05T05:28:15,checkout,home,desktop,direct,none,CA,toys
9bfbd659-f903-4902-b181-e035ba14414a,C1078,S771,2024-10-11T00:56:31,page_view,home,desktop,direct,none,AU,toys
ae6b98a3-8ff6-4571-b194-129451a711df,C1083,S1216,2024-10-19T13:44:51,add_to_cart,pdp,tablet,seo,none,IN,fashion
e2d8fe93-a791-4623-83b6-bf019cc45fa3,C1018,S1311,2024-10-18T16:28:26,page_view,search,tablet,direct,none,DE,sports
2d591714-6e87-4bda-a15c-fd27b892a8fe,C1023,S1469,2024-11-01T19:05:40,checkout,plp,mobile,email,email,GB,electronics
afc8bfa7-77d0-476c-9ddd-f2ad1f47b140,C1071,S483,2024-10-13T03:33:06,product_view,cart,tablet,seo,none,DE,beauty
e2bc69c8-7e7e-40b5-b842-cb2cc1416ed0,C1098,S1283,2024-11-12T06:17:03,page_view,search,tablet,email,email,BR,beauty
3f95f534-2465-4cd4-a53b-fbc30798aa02,C1022,S328,2024-11-12T01:03:41,product_view,search,mobile,paid_search,paid_search,AU,home
b2dbb207-819d-4114-8f6c-f00dd975a0f8,C1078,S929,2024-10-03T03:47:03,checkout,search,desktop,direct,none,AU,beauty
54432e5f-992c-4669-b86e-45a3200d1600,C1065,S238,2024-10-05T07:46:28,product_view,plp,mobile,seo,none,AU,toys
d5c26aca-1c81-419e-85a6-38cb582dd7d3,C1086,S668,2024-10-15T03:20:14,page_view,checkout,mobile,seo,none,US,beauty
e2ac6c77-4a93-4bda-a3ef-d375c47013fb,C1114,S452,2024-10-05T15:37:31,page_view,pdp,desktop,seo,none,BR,sports
1802459b-54a5-4fc8-803c-96f0ec1e7d95,C1058,S365,2024-10-25T11:08:29,add_to_cart,checkout,mobile,paid_search,paid_search,DE,fashion
dc3a8a9e-196d-4939-a31a-d6569c1adaa5,C1042,S261,2024-10-03T22:36:03,page_view,home,mobile,email,email,DE,beauty
51bddea3-0e3e-4f48-8ebc-7246ba6ca19e,C1021,S704,2024-10-15T09:38:10,add_to_cart,checkout,tablet,seo,none,US,sports
3f0702f1-83cf-414e-b783-293c750bf759,C1070,S471,2024-10-06T13:54:33,product_view,search,tablet,email,email,IN,beauty
9a9ec9f7-b6c2-4301-9ef9-533ebc2c7916,C1035,S30,2024-10-28T23:55:15,page_view,pdp,tablet,seo,none,GB,sports
da050861-dcce-4704-a064-d3fb008e1321,C1019,S1175,2024-10-01T13:02:02,purchase,checkout,tablet,direct,none,CA,beauty
f57e23c1-7fd2-4fc5-93d2-be9e41a12ed4,C1067,S808,2024-10-31T22:52:06,product_view,search,desktop,social,social,GB,electronics
e9f322d6-4cfc-46f7-8d3a-a64bfbb88f2a,C1088,S1499,2024-10-27T06:08:22,page_view,checkout,desktop,direct,none,BR,beauty
1a2be895-7031-4ea5-9dc6-9335fb0f63a4,C1085,S625,2024-10-11T22:29:54,product_view,cart,desktop,email,email,DE,beauty
164c78e6-61dc-4f5b-afd5-430b18f148e8,C1098,S284,2024-11-15T12:11:50,checkout,checkout,mobile,direct,none,BR,toys
76f5dbe3-393d-4865-ac5b-a8e9bd1a1c97,C1009,S789,2024-11-14T10:33:02,page_view,plp,tablet,social,social,CA,sports
9a3dd51f-eae1-4eef-ad51-78c8e2217bce,C1073,S425,2024-11-13T02:39:56,product_view,home,tablet,paid_search,paid_search,AU,electronics
fce319dc-8609-484c-acb6-ca5817c85a0c,C1014,S785,2024-10-24T14:39:02,product_view,search,tablet,social,social,US,toys
bf185bcb-126c-44a8-854e-f20538f80442,C1008,S1149,2024-11-15T06:08:21,page_view,home,tablet,email,email,DE,toys
97a518c0-e191-4b4d-a976-7af4bd0baa79,C1096,S1189,2024-11-14T06:48:47,add_to_cart,plp,mobile,paid_search,paid_search,DE,sports
b223b992-2bc2-4464-acf2-6b43e896891a,C1087,S867,2024-10-18T01:04:23,product_view,pdp,tablet,social,social,IN,electronics
de42a0b9-d2be-4970-b361-38580aa878c7,C1060,S1454,2024-11-04T21:52:34,checkout,pdp,tablet,paid_search,paid_search,BR,toys
83fa7750-258f-481c-a604-78c91a876c2c,C1088,S135,2024-10-13T14:05:05,product_view,search,mobile,direct,none,BR,electronics
046b3b23-640b-4c27-84eb-df9e3d4e2164,C1021,S566,2024-10-08T22:09:31,page_view,search,tablet,direct,none,US,home
f3d32957-23cb-4823-a0a2-bac3f8180bde,C1053,S1398,2024-11-04T04:30:22,product_view,checkout,tablet,direct,none,CA,home
811bee21-a1cc-4b84-b0b7-7ff8ba27fd6d,C1024,S129,2024-10-02T07:53:33,add_to_cart,pdp,tablet,paid_search,paid_search,DE,toys
d67776dd-643a-4de5-b132-a26d2e34fa30,C1082,S669,2024-11-01T18:42:44,product_view,cart,mobile,email,email,BR,home
b6801629-4592-4a09-bc1f-f28e225f6364,C1072,S271,2024-10-20T05:50:16,page_view,plp,mobile,direct,none,CA,fashion
c5ef09a5-a78a-4497-bf9b-aba02412cd90,C1045,S583,2024-10-30T05:39:59,page_view,cart,mobile,seo,none,IN,fashion
e0536b91-4dec-462b-ad74-a7bc90b42b80,C1107,S1451,2024-11-14T21:50:09,page_view,home,desktop,paid_search,paid_search,FR,sports
164a6e97-e1e2-483c-ae6c-0a6f880b6d29,C1016,S903,2024-10-17T11:11:13,product_view,home,tablet,paid_search,paid_search,IN,home
90bb990a-5114-4f94-a3fe-943120ac413e,C1018,S764,2024-10-29T17:10:34,page_view,home,mobile,email,email,DE,fashion
4424725d-7c58-4165-b2fb-5170f5d13729,C1058,S656,2024-10-10T00:47:34,purchase,plp,tablet,paid_search,paid_search,DE,beauty
d895e71d-83a7-4aa0-ab4f-62496dd42e75,C1114,S594,2024-11-06T21:09:51,product_view,pdp,mobile,direct,none,BR,toys
2dd05a42-d2e1-4cb2-89c2-4f6f06ab1441,C1061,S83,2024-10-09T21:35:07,page_view,pdp,tablet,seo,none,FR,beauty
05dddf54-0369-4c71-9359-100b7f6cb3f2,C1045,S190,2024-10-21T01:38:41,page_view,cart,desktop,paid_search,paid_search,IN,fashion
33856f0d-1b31-4820-8d17-f49f24feea7a,C1002,S172,2024-11-04T14:43:42,purchase,cart,mobile,seo,none,US,beauty
6cbd4874-ee3c-471d-8ead-cb821c131b29,C1040,S1236,2024-11-08T16:03:58,add_to_cart,pdp,desktop,email,email,FR,home
841c2fd4-b9fb-4080-84c7-08bd91061b5e,C1049,S764,2024-10-01T09:22:22,page_view,pdp,tablet,direct,none,DE,fashion
88cf9a86-6974-4847-8691-aaef99e0f127,C1093,S910,2024-10-27T14:18:10,add_to_cart,pdp,tablet,email,email,BR,fashion
20b1d2cb-38de-42b9-9183-54685a4da312,C1106,S1203,2024-11-08T02:09:13,page_view,cart,mobile,direct,none,AU,sports
84df9a72-aabd-4dec-b736-539c86a1c527,C1096,S770,2024-10-06T00:26:40,checkout,pdp,desktop,social,social,DE,beauty
cc4068c1-d3db-45e8-a4db-e1df091b5c7e,C1090,S1164,2024-10-09T06:11:53,product_view,cart,mobile,direct,none,IN,home
0168dad8-eb30-4814-9a04-61ce2dcbcf04,C1106,S1199,2024-10-20T15:35:47,product_view,home,desktop,seo,none,AU,home
d4d667d6-1b99-4a56-a1f1-b28e086a611a,C1038,S1312,2024-11-10T15:07:41,add_to_cart,plp,mobile,seo,none,CA,beauty
1eaeef36-732f-4b66-b03d-04cbf404c249,C1116,S1409,2024-11-11T07:01:07,add_to_cart,pdp,desktop,social,social,CA,toys
162cc8d5-6b13-411f-9acb-61b666fa7a9d,C1046,S1191,2024-10-31T18:27:55,page_view,checkout,mobile,direct,none,US,home
5574dac8-1180-4edd-a5c0-808b36c6637c,C1065,S1179,2024-10-02T08:10:37,page_view,plp,mobile,seo,none,AU,home
1c9c210c-c047-49ab-b931-f231964101a5,C1020,S109,2024-10-18T11:26:40,checkout,plp,desktop,paid_search,paid_search,CA,home
5faebcdf-fd37-4842-814e-02df6bb52b9c,C1067,S1309,2024-10-05T16:12:49,add_to_cart,home,tablet,seo,none,GB,sports
7e65aab3-6eef-46e9-9090-a5d82d2535cd,C1041,S648,2024-11-13T09:17:43,add_to_cart,plp,desktop,social,social,CA,sports
7079b1db-c25a-4fe6-8b5f-5ac3584a4436,C1045,S295,2024-10-01T04:33:18,product_view,pdp,mobile,paid_search,paid_search,IN,fashion
eaa6b868-760a-463b-87ad-930b9d5ac348,C1013,S447,2024-10-10T16:14:53,page_view,cart,tablet,social,social,DE,sports
a5acc655-485b-47d6-b461-ef754483f783,C1091,S1129,2024-11-14T03:26:29,checkout,home,desktop,direct,none,GB,beauty
2f302f07-22ec-4372-885b-bddab7f9e481,C1044,S639,2024-11-14T11:08:52,product_view,cart,tablet,paid_search,paid_search,FR,fashion
0c16ecc8-c006-4339-8d3d-c17d1d773e26,C1090,S624,2024-10-02T23:52:07,page_view,checkout,desktop,seo,none,IN,home
9f3a7fb4-1c6f-4a8c-86eb-dbe024dfe06e,C1016,S430,2024-10-09T02:27:44,add_to_cart,home,desktop,direct,none,IN,beauty
3c0c5f84-a904-412b-ae8e-3392b698a6b2,C1096,S884,2024-10-03T06:06:02,add_to_cart,cart,tablet,direct,none,DE,beauty
b993c02c-4475-4107-8629-f0cfa8d21213,C1015,S519,2024-10-03T02:19:42,page_view,home,desktop,social,social,AU,fashion
9e3ca32d-dee9-4344-a81d-7b3554de061b,C1075,S410,2024-10-12T21:22:01,page_view,checkout,mobile,social,social,BR,home
4f466d14-0f19-4505-a24d-d436a5429b63,C1045,S329,2024-11-02T23:39:15,product_view,home,desktop,social,social,IN,electronics
3affe6e2-de01-4cf1-ab2b-e311221b57e1,C1067,S445,2024-11-15T06:18:10,checkout,cart,desktop,direct,none,GB,fashion
106ad6c7-d7a5-42f2-a01f-9b51c7063620,C1117,S1033,2024-11-15T15:23:44,product_view,pdp,tablet,direct,none,BR,fashion
ff7cbc95-632e-4005-9f6d-289c571595f2,C1106,S727,2024-10-25T13:13:32,page_view,home,mobile,direct,none,AU,beauty
8bbab904-7ba0-440b-8a2d-3ec317d47b82,C1014,S1065,2024-10-09T15:48:23,add_to_cart,cart,tablet,direct,none,US,electronics
c4a0a5bb-8079-4e0f-b3aa-e7481e11e819,C1041,S1012,2024-10-08T12:18:29,product_view,plp,tablet,email,email,CA,fashion
68f3ec18-24d6-4357-8bf9-9e7d5b53ae73,C1070,S835,2024-10-19T13:12:54,page_view,pdp,tablet,paid_search,paid_search,IN,fashion
6b01dfa2-72a9-4842-9f2c-7426d12ed148,C1001,S1381,2024-11-01T21:06:25,product_view,checkout,tablet,direct,none,CA,electronics
e5b53f4e-1ec8-4c10-9c20-19a42b2ba34d,C1018,S809,2024-10-26T22:37:06,add_to_cart,search,desktop,paid_search,paid_search,DE,fashion
af3732b5-7460-4a73-8fe1-78ad61963028,C1043,S411,2024-11-08T12:07:14,checkout,checkout,mobile,paid_search,paid_search,US,toys
0f3e251f-6d17-48f0-96ec-bffdbaf54b0f,C1098,S1192,2024-11-07T08:48:50,add_to_cart,pdp,mobile,email,email,BR,toys
1e37ab03-5450-4bd3-9962-e1ea75a8814b,C1077,S829,2024-11-01T16:17:09,add_to_cart,home,desktop,paid_search,paid_search,DE,beauty
70141d91-c007-4021-87b1-b1bcd0118ef8,C1063,S473,2024-11-10T04:01:06,add_to_cart,home,mobile,direct,none,US,fashion
f3fc3266-984b-4f93-a7f5-e9821aefb57f,C1048,S1239,2024-11-13T10:09:19,product_view,home,desktop,social,social,CA,beauty
d31c387f-2437-4bde-bb1c-6ff2bc16d0cb,C1101,S955,2024-10-13T09:42:31,product_view,plp,tablet,paid_search,paid_search,BR,sports
85841ec1-9806-4cfa-8303-e1c9fb82fe01,C1069,S37,2024-10-03T13:56:58,page_view,pdp,mobile,email,email,DE,beauty
ed6e2adb-0acd-477d-a209-bba5f2dbdfe1,C1058,S74,2024-10-03T05:35:42,checkout,plp,tablet,seo,none,DE,beauty
72484569-14b3-4dc7-a836-7992d12e17b2,C1055,S276,2024-10-20T22:24:31,add_to_cart,cart,tablet,email,email,FR,toys
039acf99-5273-4e2a-882e-ae06401f527b,C1070,S1404,2024-11-04T18:30:30,product_view,search,tablet,direct,none,IN,beauty
11d0b67c-2fdd-44fa-b706-18478a9b76cd,C1033,S1014,2024-11-07T12:39:43,product_view,plp,mobile,direct,none,CA,electronics
2668631f-51fd-4b59-babc-7cfa691995d8,C1075,S93,2024-10-09T11:22:51,add_to_cart,home,tablet,paid_search,paid_search,BR,beauty
b0647032-c5b6-4251-b5e7-691da8f3d40d,C1012,S877,2024-10-23T11:26:22,page_view,search,desktop,seo,none,IN,toys
530503cb-fdd3-4cd6-8356-59315977be39,C1039,S1214,2024-10-06T22:04:55,page_view,plp,desktop,direct,none,DE,sports
b4b019ed-1aac-4d53-9051-631b65bad6dd,C1041,S77,2024-10-30T21:55:27,product_view,pdp,mobile,direct,none,CA,toys
2af8b98c-26b3-4aca-b034-9c2bec9fff82,C1060,S1205,2024-10-02T10:24:36,product_view,cart,desktop,email,email,BR,electronics
314420e4-0227-46f6-91c9-f1fce07f694a,C1088,S1383,2024-10-14T10:31:32,add_to_cart,checkout,mobile,seo,none,BR,sports
c6b30651-7c0e-4305-8d82-dea45f849842,C1038,S745,2024-10-28T06:31:40,checkout,home,tablet,seo,none,CA,home
e3b60dcc-7c01-4765-97d2-c3768e9c8d5b,C1033,S98,2024-10-20T18:25:51,page_view,checkout,desktop,social,social,CA,electronics
24baeef8-09a3-4775-ac84-bd6bbc106b42,C1075,S690,2024-10-18T02:36:51,product_view,pdp,desktop,paid_search,paid_search,BR,electronics
19dbaaff-9fc9-481d-bb81-535e87f9f7b9,C1083,S619,2024-11-02T09:27:42,product_view,search,mobile,email,email,IN,home
9ce4d08c-6656-4214-aee7-ff4820e574f2,C1079,S1056,2024-10-30T21:48:35,page_view,home,tablet,social,social,FR,fashion
cfe6c813-152e-4338-b76d-379e1e7633e5,C1073,S1023,2024-10-14T21:52:47,purchase,plp,tablet,social,social,AU,sports
fe110e03-4182-4b62-a593-1ade4f629a78,C1109,S889,2024-11-06T23:40:03,product_view,plp,mobile,seo,none,DE,fashion
2f3bbd5d-d433-49dc-9486-718ed86b11c6,C1019,S1404,2024-10-20T13:26:20,checkout,home,tablet,seo,none,CA,beauty
9842ada7-98ba-42a4-8524-3fe04e4155d3,C1034,S588,2024-11-11T05:16:43,product_view,pdp,desktop,direct,none,AU,fashion
a5298588-658f-47a3-80e1-60d81e275ad6,C1024,S57,2024-10-16T09:29:31,product_view,pdp,mobile,direct,none,DE,fashion
ca66e255-3b11-4648-882c-7936f5943459,C1020,S559,2024-10-09T00:16:50,add_to_cart,checkout,tablet,seo,none,CA,toys
4a632c8c-b8c5-4be6-a132-046ed65e82ef,C1109,S87,2024-11-01T00:03:55,checkout,plp,tablet,paid_search,paid_search,DE,electronics
5afe2eae-e92c-42bd-9669-95fcdf4e56ff,C1115,S834,2024-10-24T21:42:56,page_view,checkout,desktop,seo,none,DE,electronics
7b9f4fa1-1250-4ff2-8e10-761d8b4f8a65,C1073,S1025,2024-10-08T16:42:53,product_view,cart,mobile,email,email,AU,electronics
d496dd35-dc02-4327-82e9-e33b499fa2b1,C1030,S1229,2024-10-08T10:21:53,product_view,pdp,tablet,seo,none,DE,beauty
fc3ff05c-4f52-47fd-aca1-817984462700,C1027,S296,2024-10-07T05:13:17,product_view,plp,tablet,direct,none,CA,beauty
f3876fc2-9ce6-46f8-a280-e07aa8da8692,C1068,S768,2024-11-14T03:20:34,product_view,checkout,desktop,paid_search,paid_search,GB,fashion
7482a3dd-0edd-4846-899d-fba2cff9c1b7,C1046,S974,2024-11-15T11:52:19,page_view,cart,desktop,direct,none,US,toys
09b17295-7b90-48f9-9b13-98c0656da1f4,C1117,S1376,2024-10-16T08:35:24,page_view,checkout,mobile,direct,none,BR,sports
3e4e0fe1-ea84-4884-8f82-c2d80376cdb0,C1110,S485,2024-10-29T12:00:58,purchase,plp,mobile,direct,none,DE,fashion
dc300d90-c3ed-4b4c-a883-018c6fda238c,C1038,S431,2024-10-11T14:40:20,checkout,checkout,mobile,direct,none,CA,home
79389c31-3083-45ef-93ba-53c732ac01cf,C1110,S165,2024-11-01T15:47:26,checkout,plp,tablet,email,email,DE,electronics
cbca5c79-534e-4c3b-b67e-f27ad9bee886,C1105,S329,2024-11-14T08:32:04,product_view,cart,tablet,social,social,BR,toys
33a3c8d8-1ff6-4d34-872b-8fc74e83635f,C1041,S929,2024-11-14T00:48:03,add_to_cart,search,tablet,email,email,CA,toys
3d14208d-449d-4b0b-9487-04b2e372eb39,C1017,S7,2024-10-26T06:40:19,product_view,home,desktop,seo,none,FR,fashion
5f434855-ff06-4bd3-b683-5089469c3d4c,C1066,S1462,2024-11-11T04:54:38,add_to_cart,plp,mobile,email,email,BR,toys
9b63b789-765c-4002-8ec6-902ef0d967b4,C1017,S534,2024-10-12T21:37:52,product_view,plp,desktop,direct,none,FR,beauty
3b4a783f-144f-4daa-a036-fb219a8bf3cc,C1047,S373,2024-10-26T12:53:56,product_view,home,desktop,social,social,GB,toys
129ded28-501d-4839-8fbe-7f6892c5c192,C1078,S1284,2024-10-15T02:29:12,page_view,search,desktop,email,email,AU,sports
99c03044-11f9-4564-bd07-3e458d8b95d4,C1054,S1230,2024-10-17T04:05:23,page_view,cart,desktop,direct,none,CA,toys
8abb64dd-e2c9-4304-8499-fbeba1161183,C1067,S892,2024-10-30T21:31:07,page_view,search,desktop,paid_search,paid_search,GB,home
98c81645-08d4-487e-bdd6-df0f77826016,C1095,S1013,2024-10-25T04:27:54,page_view,search,mobile,seo,none,IN,beauty
8d9a9fbd-20e9-42a1-baca-f06df5172476,C1023,S837,2024-10-10T00:18:16,page_view,pdp,desktop,paid_search,paid_search,GB,sports
7929c3f6-bb53-4a2c-8b78-7eb6a50b3972,C1087,S1326,2024-10-30T02:00:30,page_view,plp,tablet,email,email,IN,toys
81e1b6ff-542f-47e7-afc3-6661d480a81a,C1027,S1461,2024-10-25T22:27:47,product_view,home,desktop,social,social,CA,electronics
881223e2-1e78-44e0-8ff1-806ec7e5f646,C1006,S682,2024-10-16T15:58:22,purchase,checkout,tablet,direct,none,FR,electronics
ace52e57-95b0-49d0-a500-fc5fd12f2121,C1032,S1034,2024-11-09T12:19:25,add_to_cart,search,tablet,direct,none,AU,sports
b815f11d-e37e-4f74-ad8f-dc338480deac,C1022,S534,2024-10-11T16:31:59,product_view,pdp,desktop,direct,none,AU,home
f96b2797-2e76-46ca-91ad-77854c1140a5,C1090,S1087,2024-10-28T04:16:07,product_view,search,mobile,paid_search,paid_search,IN,toys
0c191495-8563-4b66-bee4-4b0e50385703,C1046,S881,2024-10-19T08:39:53,add_to_cart,plp,tablet,paid_search,paid_search,US,beauty
f3ddd6f1-54d7-4e8d-99d1-6cbfbc59a55d,C1114,S338,2024-10-21T23:31:48,purchase,cart,tablet,email,email,BR,electronics
255d1215-e6b7-4ef5-ae3b-276d43f16d6c,C1024,S305,2024-10-04T07:11:02,product_view,search,tablet,email,email,DE,beauty
cb95dc27-45fd-46ef-85f1-8c44b72c3c72,C1014,S1014,2024-10-03T14:22:45,product_view,pdp,mobile,direct,none,US,toys
e39d3e0e-348a-4f1a-a4dc-ae1fbddac7d3,C1110,S304,2024-10-08T11:05:13,checkout,search,desktop,social,social,DE,home
b0f9f3de-d665-423d-8ee3-a5157de33d68,C1072,S1359,2024-11-07T06:37:00,product_view,cart,desktop,email,email,CA,electronics
c97227e6-76b9-43e3-a10e-c596fbf9046f,C1031,S1021,2024-11-13T03:56:21,page_view,checkout,tablet,direct,none,IN,beauty
e47a1824-b84e-4e1a-a0f8-4f6b356e5b2a,C1047,S1210,2024-10-07T10:09:01,page_view,checkout,tablet,email,email,GB,beauty
393b4210-cb2e-4b10-951f-b5c6e2628463,C1080,S552,2024-11-08T21:00:21,purchase,checkout,tablet,email,email,GB,home
d661fce4-86f9-4eae-b44a-781f559ed53f,C1093,S1166,2024-10-09T06:55:03,add_to_cart,plp,mobile,direct,none,BR,toys
2f8f0140-42c3-41eb-88c6-badf3b0682f5,C1009,S1121,2024-11-08T12:05:25,page_view,search,mobile,direct,none,CA,electronics
3cef4cac-da02-4155-bb9f-f61a4239714d,C1109,S427,2024-10-11T12:49:25,page_view,checkout,desktop,direct,none,DE,home
1a8b3003-4010-405c-9a33-f8d558549289,C1062,S886,2024-10-20T21:38:08,product_view,home,mobile,social,social,US,fashion
232221f9-f0ce-4991-9af7-78e72789d17b,C1062,S913,2024-10-25T15:17:36,product_view,home,mobile,paid_search,paid_search,US,sports
53f63598-2cab-451e-a557-e008b89262f9,C1023,S890,2024-11-10T13:05:02,product_view,pdp,tablet,seo,none,GB,toys
008f9f2b-705f-48b8-8a98-69f5a3b3bb89,C1087,S1462,2024-10-10T15:33:40,add_to_cart,home,mobile,email,email,IN,beauty
cba7509c-b1e9-4455-8493-4ba205ba6502,C1010,S979,2024-10-20T04:08:43,checkout,search,tablet,email,email,AU,home
a22f0ed8-df7f-42fe-8c6e-a526de55fbc0,C1072,S98,2024-11-05T02:58:02,product_view,cart,mobile,email,email,CA,electronics
dcbc60d7-258f-4ce6-951f-7a0c65605ce5,C1059,S1354,2024-11-06T08:22:16,product_view,cart,desktop,direct,none,IN,toys
215e712d-bb87-48d9-bc5a-2b5bab2030f7,C1084,S948,2024-10-12T05:53:25,page_view,pdp,tablet,paid_search,paid_search,CA,home
9dea2794-e9a1-4e13-9762-4d2fe6c780b6,C1075,S1483,2024-10-30T21:28:39,add_to_cart,plp,desktop,seo,none,BR,fashion
0aca81fc-8874-4056-94c3-5d5a283c0c7a,C1010,S1238,2024-10-17T21:06:27,product_view,home,mobile,direct,none,AU,electronics
70fd1e1f-1243-4de0-b7af-17eaf8426d13,C1021,S1344,2024-10-31T14:44:25,checkout,checkout,tablet,email,email,US,home
5cbf00d0-4194-4c6c-9e2c-122f20113d71,C1079,S1264,2024-10-24T22:43:44,add_to_cart,plp,desktop,seo,none,FR,fashion
1c39f11b-80e7-4c63-af85-c9feed1f523e,C1001,S391,2024-10-08T00:44:12,checkout,search,mobile,seo,none,CA,toys
290f4f6d-a1be-46ca-a04e-69075067e4d2,C1030,S893,2024-11-10T17:12:05,page_view,pdp,desktop,email,email,DE,beauty
5c4f4bbc-3b0e-46cb-a416-4e101315074e,C1002,S239,2024-10-11T04:47:44,product_view,pdp,mobile,direct,none,US,beauty
d338957c-e782-4466-a0fd-1ef27db63bcf,C1074,S497,2024-10-13T09:36:53,checkout,home,mobile,direct,none,FR,electronics
7c3c9a09-40cd-4d40-a892-28e88ebeea5a,C1080,S1461,2024-10-28T13:54:31,add_to_cart,cart,tablet,social,social,GB,home
7049f8c4-c25c-47b0-bb60-11cff4a47dc9,C1004,S999,2024-10-26T15:32:37,add_to_cart,checkout,mobile,seo,none,BR,toys
ba1dcc0a-a44f-45b0-9908-2a3744961b01,C1007,S1082,2024-10-02T13:36:20,product_view,plp,tablet,email,email,CA,beauty
edbab761-5958-4567-94c1-42e71d84cb53,C1014,S1014,2024-11-09T20:22:28,add_to_cart,home,desktop,paid_search,paid_search,US,toys
f1ddc777-20b6-4020-805b-a7759490459b,C1024,S962,2024-10-23T14:14:32,page_view,checkout,mobile,social,social,DE,toys
28190880-7df3-46c0-9577-6b5f9f67cf7a,C1084,S960,2024-10-09T09:46:45,product_view,pdp,tablet,paid_search,paid_search,CA,beauty
d43d1e6b-fc82-4552-ae71-30a6917ecdac,C1102,S332,2024-11-09T06:18:44,add_to_cart,checkout,mobile,seo,none,IN,fashion
c3674999-66c2-4cd9-9e85-abf53d605f34,C1025,S321,2024-11-08T15:06:50,product_view,pdp,mobile,seo,none,US,fashion
5c0b00fd-2e28-4483-a318-51c132aa185d,C1071,S97,2024-10-02T11:56:16,product_view,search,desktop,social,social,DE,electronics
13e13e29-56db-4736-892d-2ef66ff396fa,C1103,S131,2024-10-22T13:07:39,page_view,cart,desktop,email,email,BR,home
5de8d9a0-da48-45d6-866f-bd3f0a4dec36,C1043,S728,2024-10-03T17:17:57,page_view,checkout,tablet,social,social,US,toys
bcbb977b-2b97-4802-b586-9992649691d8,C1013,S1447,2024-10-04T14:51:29,purchase,home,desktop,social,social,DE,sports
0446915f-d09f-4ffb-9c5a-5bbfb9aec0fa,C1100,S209,2024-11-05T01:32:06,page_view,home,desktop,paid_search,paid_search,BR,fashion
69739967-e6e4-4b0c-929c-4032c629ae1f,C1093,S599,2024-11-15T14:48:32,product_view,home,desktop,paid_search,paid_search,BR,home
a368a42e-1715-46c0-b849-888ecc791d92,C1104,S283,2024-10-08T06:28:26,add_to_cart,home,desktop,email,email,US,home
92e29b30-2064-4cc9-bda4-e5e61c4337ae,C1036,S1035,2024-10-11T02:17:23,add_to_cart,pdp,mobile,seo,none,IN,fashion
eaec9eed-beaa-43c5-a279-316f12e60daa,C1096,S1085,2024-10-27T07:08:51,product_view,pdp,mobile,social,social,DE,toys
0b0a182b-8588-4ed5-8707-3024675a58e0,C1046,S61,2024-10-29T04:49:00,add_to_cart,cart,desktop,direct,none,US,home
b48abe7b-cb6f-4ce6-9f9d-1953d5591120,C1040,S823,2024-10-11T13:03:25,add_to_cart,checkout,tablet,seo,none,FR,sports
ea843817-bb3e-4fe7-b688-3c0aef35da03,C1007,S1294,2024-11-15T21:56:33,purchase,pdp,mobile,social,social,CA,home
08652ee7-bbec-4717-902e-a813cfe054b7,C1092,S643,2024-10-23T00:52:17,checkout,cart,desktop,email,email,AU,beauty
9c4746e7-dfa7-4840-ab11-e69ad299fd87,C1082,S421,2024-11-04T19:50:39,add_to_cart,checkout,mobile,email,email,BR,fashion
0ed3fbd9-2f5b-4af2-9b43-691726885a54,C1112,S618,2024-10-06T01:34:21,product_view,checkout,tablet,seo,none,FR,sports
61f9afc9-d5be-46fc-a42e-86af8b746d1c,C1069,S582,2024-10-14T02:32:35,page_view,plp,tablet,seo,none,DE,electronics
9d5443d1-a1f1-4a46-9fab-0a6cfd4db12b,C1003,S1106,2024-11-07T08:15:53,add_to_cart,checkout,mobile,social,social,DE,electronics
1c0d944c-058e-48f6-b19c-ad31f655b2d7,C1093,S123,2024-10-24T08:40:32,product_view,home,tablet,direct,none,BR,beauty
6d29061d-71db-48cf-8310-affa0c49faaf,C1038,S1173,2024-10-01T14:21:15,add_to_cart,cart,tablet,social,social,CA,sports
40903a62-d3c6-472d-ae63-edf93474223b,C1029,S718,2024-10-20T09:42:50,checkout,cart,tablet,seo,none,BR,toys
faba6dbe-ff98-4e2f-a0ba-c0c4c90d116a,C1048,S1065,2024-10-16T03:20:33,product_view,plp,mobile,direct,none,CA,fashion
b4e500f2-c2d8-4c95-af39-7f7606ed8279,C1091,S872,2024-10-27T02:05:03,product_view,search,mobile,seo,none,GB,beauty
81fab558-379d-49ef-bde1-e4176887798e,C1009,S757,2024-11-13T16:25:37,product_view,pdp,mobile,social,social,CA,beauty
9d6f2c13-e172-44a0-b08c-9c639291ee3b,C1081,S868,2024-10-29T22:59:31,add_to_cart,pdp,desktop,seo,none,FR,sports
fe90d001-05d7-4d2c-85cc-fb3438e4876c,C1016,S993,2024-11-15T14:08:45,product_view,cart,desktop,seo,none,IN,beauty
8409924b-a1fe-4dfa-a60c-9aac2efc9879,C1060,S67,2024-10-11T17:23:58,purchase,cart,mobile,direct,none,BR,electronics
cd498b70-daac-44c7-a74b-69e3ae9d870e,C1047,S1171,2024-10-19T01:33:09,page_view,plp,mobile,paid_search,paid_search,GB,home
09fa4a79-2885-4272-a867-345197501147,C1062,S58,2024-10-10T04:50:37,product_view,plp,mobile,seo,none,US,fashion
622b29f1-05c3-4ec2-bd7a-727b5ba1a509,C1104,S1002,2024-10-01T03:35:22,page_view,home,mobile,email,email,US,sports
f20747ee-83ae-477d-87bf-96ffb93f8f8f,C1039,S1159,2024-10-29T10:50:24,product_view,checkout,tablet,seo,none,DE,fashion
70d3882e-cdf6-434d-8c15-70a127b6a67e,C1064,S1304,2024-10-30T14:42:28,page_view,checkout,mobile,direct,none,US,sports
78e96969-144f-4ff4-a38d-82ca715903c4,C1085,S1278,2024-10-27T12:14:57,product_view,cart,desktop,email,email,DE,toys
1f850909-b168-46a3-8156-224b89e602d8,C1035,S1323,2024-10-06T05:45:01,product_view,checkout,mobile,social,social,GB,toys
83db3d3c-a35c-4c30-8450-5a0aff6eaf49,C1015,S1319,2024-11-05T02:12:39,product_view,home,tablet,social,social,AU,fashion
032d1be7-d468-47aa-98e1-f6db27ba3526,C1096,S975,2024-11-02T00:07:42,checkout,search,desktop,paid_search,paid_search,DE,fashion
15b6355a-432b-4ea4-aee5-53c6666ac99d,C1031,S1446,2024-11-07T14:05:51,product_view,plp,mobile,social,social,IN,electronics
2fb5187b-892c-4ec0-b589-232dd1d70982,C1062,S48,2024-10-22T13:11:26,page_view,cart,mobile,email,email,US,home
0b40d34d-769f-4682-b1de-4923ef8f56c2,C1011,S235,2024-10-07T17:10:18,page_view,plp,desktop,seo,none,CA,home
c5126644-cabf-46c1-bba9-f84ab582c7d9,C1052,S1390,2024-10-11T01:39:20,page_view,checkout,desktop,paid_search,paid_search,CA,beauty
5ddb9beb-4d1c-461f-9132-920abe6a9fb8,C1012,S656,2024-10-10T13:57:20,page_view,home,desktop,seo,none,IN,fashion
c6f62d0a-452a-4313-a2b3-5e9c326d9cf7,C1096,S1223,2024-11-07T07:31:32,add_to_cart,pdp,desktop,paid_search,paid_search,DE,electronics
25af0231-b124-4340-b2f4-e2a6692c5b03,C1040,S952,2024-11-05T13:04:30,page_view,checkout,desktop,direct,none,FR,home
d3925056-098a-410d-9496-95d4108ef5eb,C1070,S1201,2024-11-13T03:15:48,product_view,search,mobile,social,social,IN,beauty
ffe4774e-28ab-4d31-8dca-2dcd57e8e405,C1057,S172,2024-11-10T16:13:50,purchase,plp,tablet,seo,none,CA,fashion
c8bdcb1f-2460-490d-87ac-54e2c9dc9f79,C1068,S868,2024-11-05T14:02:00,checkout,cart,mobile,seo,none,GB,electronics
b21104a4-126e-4b77-9e0b-6ae287d46147,C1007,S988,2024-10-18T19:16:53,add_to_cart,plp,tablet,seo,none,CA,sports
bb9ef744-6961-442e-81a1-d3be6867c6e6,C1107,S1046,2024-10-19T01:10:47,product_view,home,mobile,direct,none,FR,beauty
586cbe76-a8bd-4dff-83a9-f40acf2c4805,C1089,S252,2024-10-09T23:35:17,checkout,search,tablet,social,social,CA,home
8d54b153-994d-4937-b035-8323b0616e6b,C1113,S1397,2024-10-22T20:16:48,add_to_cart,plp,desktop,paid_search,paid_search,GB,home
08fb7ee9-e5f3-4a40-bbe6-c755717e9eca,C1026,S942,2024-11-08T10:01:58,add_to_cart,checkout,desktop,social,social,FR,beauty
612fc0dc-88f3-40f1-9870-cb84a276b795,C1000,S20,2024-11-13T05:26:35,checkout,checkout,mobile,email,email,CA,sports
71ea32f3-c4ed-4d78-9b22-acd0041f5ede,C1010,S1330,2024-11-11T02:34:01,checkout,checkout,mobile,direct,none,AU,home
